ID;Obra;ApellAutor;NomAutor;Tonalidad;Opus;Duracion
1;El vals;Ravel; Maurice;12' 17;;
2;Sinfonia n. 1;Bizet; Georges;Do M;88;34' 56
3;Pslam 42: Wie der Hirsch schreit nach frischem Wasser”;Mendelssohn-Bartholdy; Felix; ;79;1' 46
4;Socrates;Satie; Erik;33' 59;;
5;Divertimento para violin, alto y violonchelo;Mozart; Wolfgang Amadeus;Mi b M;K 563;50' 33
6;Dos piezas para orquesta (Noche de verano en el rio);Delius; Frederick;5' 41;;
7;Trio para piano, violin y violonchelo;Ravel; Maurice;25' 26;;
8;Danza hungara n. 12;Brahms; Johannes;2' 29;;
9;Los pescadores de Perlas;Bizet; Georges;103' 43;;
10;Suite Hary Janos;Kodaly; Zoltan;22' 46;;
11;El sitio de zaragoza;Oudrid; ;7' 58;;
12;Sinfonia n. 8;Schubert; Franz;Si m;D 759;26' 08
13;Cavalleria Rusticana;Mascagni; Pietro;78' 53;;
14;Obertura Tragica;Brahms; Johannes;Re m;81;13' 52
15;Sinfonia n. 94, “La sorpresa”;Haydn; Franz Joseph;Sol M;24' 07;
16;Piezas liricas – Libro 1;Grieg; Edvard Hagerup;12;4' 12;
17;Fantasia para un gentilhombre;Rodrigo; Joaquin;21' 42;;
18;Concierto de Brandenburgo n. 5;Bach; Johann Sebastian;Re M;BWV 1050;21' 36
19;Danza del molinero de “Sombrero de tres picos”;Falla; Manuel de;2' 49;;
20;Concierto para piano n. 22;Mozart; Wolfgang Amadeus;Mi b M;K 482;35' 49
21;Scherzo Caprichoso;Dvorak; Antonin;66;14' 00;
22;El lago de los cisnes;Tchaikovsky; Piotr Ilyich;20;144' 31;
23;Adagio mesto y alegretto;Weiss; Leopold Sylvius;7' 41;;
24;Cuarteto para cuerdas n. 14 “La muerte y la doncella”;Schubert; Franz;D 810;46' 49;
25;Cuarteto para cuerdas n. 15;Beethoven; Ludwig Van;La m;132;41' 05
26;Cancion Triunfal (Apocalipsis 19);Brahms; Johannes;55;23' 46;
27;Para Elisa. Bagatela.;Beethoven; Ludwig Van;La m;Wo0.59;3' 08
28;Variaciones sobre un tema de Robert Schumann;Brahms; Johannes;Fa # m;9;19' 53
29;Sonata para piano y violin n. 5 “Spring”;Beethoven; Ludwig Van;Fa M;24;23' 19
30;Juegos de nignos. 12 piezas para dos pianos.;Bizet; Georges;22;12' 12;
31;Adios Nonino;Piazzolla; Astor;8' 03;;
32;Romance;Dvorak; Antonin;11;12' 59;
33;Guia de orquesta para jovenes. Variaciones y fuga sobre ;Britten; Benjamin;34;21' 56;
34;La ultima noche;Tchaikovsky; Piotr Ilyich;060 / 1;2' 56;
35;6 Bagatelas;Beethoven; Ludwig Van;126;22' 25;
36;Motete “O quam gloriosum”;De Victoria; Tomas Luis;34' 06;;
37;Concierto para violoncello;Elgar; Edward;Mi m;85;30' 09
38;Metamorfosis sobre un tema de C. M. V. Weber;Hindemith; Paul;19' 43;;
39;Canto pues esta cancion;Tchaikovsky; Piotr Ilyich;016 / 4;2' 31;
40;Cuarteto para cuerdas n. 14;Beethoven; Ludwig Van;Do # m;131;37' 48
41;Peer Gynt;Grieg; Edvard Hagerup;23;68' 18;
42;Concierto para trompeta y orquesta;Mozart; Leopold;Re M;14' 51;
43;Marcha de Sandar (Escenas caucasianas);Ippolitov-ivanov; Mikhail;10;3' 39;
44;Estudio;Rachmaninov; Sergei;Mi b m;4' 59;
45;La Creacion. n. 30. Duo de Adan y Eva.;Haydn; Franz Joseph;3' 28;;
46;Scherzino mexicana;Ponce; Manuel;2' 39;;
47;Concierto para flauta, cuerno y orquesta;Mozart; Wolfgang Amadeus;Do M;K 299;30' 27
48;Pavana n. 2;Milan; Luis;1' 43;;
49;Concierto grosso n. 12;Corelli; Arcangelo;Fa M;06-dic;11' 46
50;Instante terrible;Tchaikovsky; Piotr Ilyich;028 / 6;3' 08;
51;Vals n. 14;Chopin; Frederic;Mi m;Postumo;2' 45
52;Doble concierto para violin, violoncello y orquesta;Brahms; Johannes;La m;102;33' 37
53;Octeto;Schubert; Franz;Fa M;D 072;10' 02
54;Imagenes;Debussy; Claude;37' 15;;
55;Sylvia;Delibes; Leo;98' 41;;
56;Sarabande;Corelli; Arcangelo;3' 15;;
57;Mozart; Wolfgang Amadeus;Re M;15';;
58;La cancion de Zemfira;Tchaikovsky; Piotr Ilyich;2' 08;;
59;El barbero de Sevilla;Rossini; Gioacchino Antonio;129' 17;;
60;Misa;Beethoven; Ludwig van;Do M;39' 19;
61;Sinfonia n. 7;Dvorak; Antonin;Re m;70;40' 43
62;Aida;Verdi; Giuseppe;63' 10;;
63;Orfeo: Poema Sinfonico n. 4;Liszt; Franz;11' 55;;
64;Lucia di Lammermoor;Donizetti; Gaetano;123' 58;;
65;Concierto para piano y orquesta;Schumann; Robert;La m;54;33' 18
66;Concierto para piano y orquesta n. 21. 2º mov.;Mozart; Wolfgang Amadeus;Do M;K 467;7' 08
67;Concierto para piano n. 1;Beethoven; Ludwig Van;Do M;15;39' 03
68;Serenata melancolica;Tchaikovsky; Piotr Ilyich;26;10' 03;
69;Obertura “Egmont”;Beethoven; Ludwig Van;84;8' 18;
70;Polka de danzas checas;Smetana; Bedrich;La m;2' 38;
71;Momento Musical;Rachmaninov; Sergei;Re b M;16-may;5' 10
72;Minueto del Quinteto n. 5;Boccherini; Luigi;Fa M;13-may;3' 48
73;Obertura de “El Corsario”;Berlioz; Hector;21;7' 41;
74;Madama Butterfly;Puccini; Giacomo;40' 04;;
75;Danza de las jovenes polovtsianas (El principe Igor);Borodin; Alexander;2' 32;;
76;Concierto para piano y orquesta n. 2;Tchaikovsky; Piotr Ilyich;Sol M;44;46' 31
77;On the Town: 3 episodios de danza.;Bernstein; Leonard;10' 51;;
78;Pavana n. 6;Milan; Luis;0' 46;;
79;Sonata para piano y violin n. 1 “Regenlied”;Brahms; Johannes;Sol M;78;28' 29
80;Suite (obertura) n. 3;Bach; Johann Sebastian;Re M;BWV 1068;19' 49
81;Cuarteto de cuerda;Verdi; Giuseppe;Mi m;22' 41;
82;Sinfonia n. 2;Brahms; Johannes;Re M;73;39' 56
83;Bagatela “Para Elisa”;Beethoven; Ludwig Van;La m;WoO 59;3' 58
84;Sinfonia n. 35 “Haffner”;Mozart; Wolfgang Amadeus;Re M;K 385;21' 37
85;Marcha egipcia;Strauss; Johann (Hijo);335;2' 39;
86;Concierto de Brandenburgo n. 6;Bach; Johann Sebastian;Si b M;BWV 1051;18' 00
87;Preludio n. 1;Mendelssohn-Bartholdy; Felix;35;2' 36;
88;Concierto para piano y orquesta n. 2;Brahms; Johannes;Si M;83;51' 43
89;Nocturno n. 9;Chopin; Frederic;Si M;32 / 1;5' 20
90;Serenata Nocturna;Mozart; Wolfgang Amadeus;Re M;K 239;12' 59
91;Un juego musical;Mozart; Wolfgang Amadeus;21' 05;;
92;Suite Francesa n. 4;Bach; Johann Sebastian;Mi b M;BWV 0815;12' 31
93;Partita para violin solo;Bach; Johann Sebastian;Re m;BWV 1004;30' 38
94;Musica Acuatica, Suite;Haendel; Georges Friederic;16' 55;;
95;Rapsodia para violin y orquesta n. 1;Bartok; Bela;9' 69;;
96;El Cid. Madrilegna;Massenet;4' 13;;;
97;El suegno de una noche de verano;Mendelssohn-Bartholdy; Felix;21;11' 44;
98;Nocturno n. 16;Chopin; Frederic;Mi b M;55 / 2;5' 31
99;Lagrima;Tarrega; Francisco;2' 19;;
100;Vals Rosas del Sur;Strauss; Johann (Hijo);388;9' 22;
101;Concierto n. 2 para clavicordio, cuerdas y continuo;Bach; Johann Sebastian;Mi M;BWV 1053;19' 09
102;Gopak (La feria de Sorotchintsky);Mussorgsky; Modest;1' 45;;
103;Asturias de la Suite Espagnola;Albeniz; Isaac;6' 45;;
104;Concierto Grosso;Haendel; Georges Friederic;Do m;06-ago;16' 55
105;Habanera;Garcia Abril; Anton;3' 47;;
106;Danza de las alegres mascotas;Ketelbey; Albert;6' 44;;
107;Concierto para piano y orquesta n. 3;Rachmaninov; Sergei;Re m;30;44' 17
108;Preludio n. 1;Villa-Lobos; Heitor;5' 10;;
109;Agnos de peregrinaje I – III;Liszt; Franz;147' 16;;
110;Sinfonia n. 1;Brahms; Johannes;Do m;68;44' 27
111;Momento musical n. 3;Schubert; Franz;D 780;1' 38;
112;Sinfonia n. 38 “Praga”;Mozart; Wolfgang Amadeus;Re M;K 504;29' 18
113;Piezas liricas – Libro 6;Grieg; Edvard Hagerup;57;4' 50;
114;Abodah (Melodia del Yom Kippur);Bloch; Ernest;6' 08;;
115;Misa Solemne.;Mozart; Wolfgang Amadeus;Do M;K 337;26' 10
116;Sinfonia n. 84;Haydn; Franz Joseph;Mi b M;27' 46;
117;Loreley-Rheinklange;Strauss; Johann (Padre);154;9' 43;
118;Peer Gynt, Suite n. 1;Grieg; Edvard Hagerup;46;14' 10;
119;Concierto Grosso;Haendel; Georges Friederic;Fa M;06-sep;15' 02
120;Allegro de Concierto;Granados; Enrique;8' 21;;
121;Lleva lejos mi corazon;Tchaikovsky; Piotr Ilyich;2' 21;;
122;Sinfonia de los juguetes;Mozart; Leopold;Do M;9' 33;
123;Peter Grimes;Britten; Benjamin;146' 18;;
124;Concierto para violin y orquesta n. 5;Mozart; Wolfgang Amadeus;La M;K 219;37' 12
125;Cordoba;Albeniz; Isaac;6' 02;;
126;Cuatro ultimas canciones;Strauss; Richard;22' 19;;
127;Seis conciertos. 3. “Il Gardellino”.;Vivaldi; Antonio;RV 428 (10);10' 15;
128;Variaciones sobre un tema hungaro;Brahms; Johannes;Re M;021 / 2;6' 23
129;El cucu;Tchaikovsky; Piotr Ilyich;054 / 8;2' 12;
130;En un mercado Persa;Ketelbey; Albert;6' 47;;
131;Sinfonia de camara n. 2;Schonberg; Arnold;38;21' 00;
132;Dos Imagenes para orquesta;Bartok; Bela;SZ 046;16' 16;
133;Concierto para violonchelo y orquesta n. 2;Boccherini; Luigi;Re M;19' 58;
134;Estudio n. 3;Chopin; Frederic;Mi M;10-mar;3' 56
135;Tu eres la paz;Schubert; Franz;D 776;5' 17;
136;Gayane. Suite n. 3;Khachaturian; Aram;22' 35;;
137;Intermedio sinfonico en modo clasico;Mussorgsky; Modest;Si m;7' 39;
138;Recuerdos de la Alhambra;Tarrega; Francisco;2' 18;;
139;Sonata;Liszt; Franz;Si m;24' 28;
140;El Pelele;Granados; Enrique;4' 37;;
141;Suite n. 3;Bach; Johann Sebastian;Re M;BWV 1069;19' 47
142;Sonata para piano n. 9;Mozart; Wolfgang Amadeus;Re M;K 311;18' 41
143;Magnificat;Bach; Johann Sebastian;BWV 0243;29' 59;
144;Romanzas sin palabaras;Mendelssohn-Bartholdy; Felix;85;14' 33;
145;Susurro de primavera n. 3;Sinding; Christian;32;2' 44;
146;Vals Voces primaverales;Strauss; Johann (Hijo);410;7' 32;
147;Galop (Los comediantes);Kabalevsky; Dmitri;26;1' 33;
148;Te Deum;Haydn; Franz Joseph;Do M;HV 23 / 01;7' 39
149;Marcha Radetzky;Strauss; Johann (Padre);228;2' 57;
150;Sinfonia n. 100, “Militar”;Haydn; Franz Joseph;Sol M;24' 41;
151;Sinfonia “Manfred”;Tchaikovsky; Piotr Ilyich;58;58' 15;
152;UnAmericano en Paris;Gershwin; George;18' 00;;
153;Polonesa n. 6 “Heroica”;Chopin; Frederic;La b M;53;7' 18
154;Cuarteto de cuerdas n. 12;Beethoven; Ludwig Van;Fa M;135;24' 21
155;Facsimile;Bernstein; Leonard;18' 39;;
156;Hippolyte et Aricie;Rameau; Jean-Philippe; ; ;4' 07
157;La bella durmiente. Vals (n. 6 Acto 1);Tchaikovsky; Piotr Ilyich;66;4' 22;
158;Des Knaben Wunderhorn;Mahler; Gustav;52' 11;;
159;Hamlet;Tchaikovsky; Piotr Ilyich;067 a;18' 20;
160;Cuarteto para cuerda n. 2;Tchaikovsky; Piotr Ilyich;Fa M;22;37' 02
161;Obertura en estilo italiano;Schubert; Franz;Do M;D 591;7' 33
162;Sinfonia n. 3 “Organo”;Saint-Saens; Camille;Do m;78;23' 52
163;Concierto para piano n. 2;Beethoven; Ludwig Van;Si M;19;28' 31
164;La novia vendida;Smetana; Bedrich;17' 59;;
165;Pepita;Barrios; Agustin;5' 54;;
166;Alborada del gracioso;Ravel; Maurice;7' 21;;
167;Caprichoso;Tchaikovsky; Piotr Ilyich;Sol b M;019 / 5;4' 13
168;Danza del Corregidor del “Sombrero de 3 picos”;Falla; Manuel de;2' 28;;
169;Concierto para trompeta y orquesta;Hummel; Johann Nepomuk;Mi b M;19' 10;
170;Rapsodia para violin y orquesta n. 2;Bartok; Bela;10' 61;;
171;Cantata n. 80;Bach; Johann Sebastian;BWV 0080;29' 19;
172;Motete “Magnificat primi toni”;De Victoria; Tomas Luis;34' 06;;
173;Concierto para piano y orquesta n. 3;Prokofiev; Serge;Do M;26;26' 58
174;Capricho arabe;Tarrega; Francisco;5' 30;;
175;Concierto Grosso;Haendel; Georges Friederic;Si b M;03-feb;11' 27
176;Cuarteto para cuerdas “Disonancias”;Mozart; Wolfgang Amadeus;Do M;K 465;28' 18
177;Tocata, adagio y fuga;Bach; Johann Sebastian;Do M;BWV 0564;15' 08
178;Sinfonia n. 6, “La magnana”;Haydn; Franz Joseph;Re M;20' 47;
179;La Mer, 3 trozos sinfonicos.;Debussy; Claude;23' 38;;
180;Concertone;Mozart; Wolfgang Amadeus;Do M;K 190;20' 47
181;Piezas infantiles;Mendelssohn-Bartholdy; Felix;72;18' 26;
182;Concierto para piano y orquesta n. 4;Beethoven; Ludwig Van;Sol M;58;32' 09
183;Piezas liricas – Libro 8;Grieg; Edvard Hagerup;65;9' 34;
184;Muerte y transfiguracion;Strauss; Richard;24;22' 13;
185;Canciones y danzas de muerte;Mussorgsky; Modest;22' 27;;
186;Nocturno n. 21;Chopin; Frederic;Do m;Postumo;3' 24
187;Concierto para piano y orquesta n. 1;Liszt; Franz;Mi b M;18' 32;
188;Don Giovanni;Mozart; Wolfgang Amadeus;K 527;73' 00;
189;Concierto n. 6 para clavicordio, 2 flautas, cuerdas y conti;Bach; Johann Sebastian;Fa M;BWV 1057;16' 22
190;Sonata para violin solo;Bach; Johann Sebastian;La m;BWV 1003;23' 40
191;Daphnis et Chloe;Ravel; Maurice;57' 03;;
192;Madama Butterfly;Puccini; Giacomo;129' 55;;
193;Danzas polovtsianas (El principe Igor);Borodin; Alexander;11' 23;;
194;Spanisches Liederspiel (Der Contrabandiste);Schumann; Robert;074 / 10;1' 35;
195;Scherzo n. 2;Chopin; Frederic;Si b m;31;9' 45
196;Cuarteto para cuerda n. 1;Tchaikovsky; Piotr Ilyich;Re M;11;30' 10
197;Ocho pequegnas piezas;Sor; Ferdinando;24;11' 07;
198;Tarantella;Liszt; Franz;8' 04;;
199;Cosi fan tutte;Mozart; Wolfgang Amadeus;161' 00;;
200;Cancion del gondolero;Mendelssohn-Bartholdy; Felix;2' 30;;
201;Variaciones y fuga sobre un tema de Haendel;Harris; Albert;5' 50;;
202;La alondra elevandose. Romanza para violin y orquesta.;Vaughan Williams; Ralph;13' 34;;
203;Triple concierto para piano, violin, volonchelo y orquestra;Beethoven; Ludwig Van;Do M;56;36' 10
204;Sonata para violin solo;Bach; Johann Sebastian;Do M;BWV 1005;26' 24
205;Suite Popular Espagnola;Falla; Manuel de;12' 22;;
206;Cuarteto de cuerda n. 7 “Razumovsky”;Beethoven; Ludwig Van;Fa M;059 / 1;37' 26
207;2 Polonesas;Chopin; Frederic;26;16' 49;
208;Liederalbum fur die Jugend (Zigeunerliedchen I);Schumann; Robert;079 / 7;1' 01;
209;Goyescas;Granados; Enrique;58' 07;;
210;3 Impromptus;Schubert; Franz;D 899;11' 41;
211;El Voyevode;Tchaikovsky; Piotr Ilyich;78;11' 41;
212;Gran polonesa brillante;Chopin; Frederic;22;5' 31;
213;Quinteto per archi n. 2;Boccherini; Luigi;Fa M;37 / 2;13' 5
214;Concierto n. 1 para clavicordio, cuerdas y continuo;Bach; Johann Sebastian;Re m;BWV 1052;22' 44
215;Serenata;Schubert; Franz;D 957;4' 11;
216;Marieta (Mazurca);Tarrega; Francisco;2' 16;;
217;Nocturno n. 7;Chopin; Frederic;Do # m;27-ene;4' 56
218;Octeto;Mendelssohn-Bartholdy; Felix;Mi b M;20;32' 57
219;El sombrero de tres picos;Falla; Manuel de;34' 54;;
220;El columpio;Tarrega; Francisco;2' 47;;
221;Piezas liricas – Libro 2;Grieg; Edvard Hagerup;38;7' 12;
222;Obertura de Otello (Acto IV).;Verdi; Giuseppe;2' 52;;
223;Estudio n. 8, Preludio n. 3, Estudio n. 1;Villa-Lobos; Heitor;8' 07;;
224;La Source;Delibes; Leo;89' 20;;
225;Sonata para clavicembalo;Scarlatti; Domenico;Re M;K 214;2' 16
226;Adios Nonino;Piazzola; Astor;4' 29;;
227;Concierto de aranjuez. 2º movimiento.;Rodrigo; Joaquin;5' 43;;
228;Las fiestas de Paphos;Cassanea de Mondonville; Je; ; ;5' 37
229;Concierto para violin, cuerda y bajo continuo;Bach; Johann Sebastian;Mi M;BWV 1042;17' 43
230;Pavana;Tarrega; Francisco;2' 23;;
231;Sinfonia n. 8 “Inacabada”;Schubert; Franz;Si m;D 759;22' 35
232;Trio para piano n. 1;Schubert; Franz;Si b M;D 898;39' 46
233;Vals n. 7;Chopin; Frederic;Do # m;64 / 2;3' 24
234;Nocturno n. 10;Chopin; Frederic;La # M;32 / 2;5' 37
235;Dumka - Escena rustica rusa;Tchaikovsky; Piotr Ilyich;59;8' 05;
236;Suite (obertura) n. 4;Bach; Johann Sebastian;Re M;BWV 1069;19' 09
237;Rosita;Tarrega; Francisco;1' 58;;
238;Concierto de Branderburgo n. 3;Bach; Johann Sebastian;Sol M;BWV 1048;11' 48
239;Danza espagnola n. 5, “Andaluza”;Granados; Enrique;37 / 5;4' 03;
240;Sinfonia n. 95, “Londres”;Haydn; Franz Joseph;Do m;HV 01 / 95;19' 40
241;Concierto grosso n. 3;Corelli; Arcangelo;Do  m;06-mar;11' 42
242;Danza rusa;Tchaikovsky; Piotr Ilyich;La m;040 / 10;2' 03
243;Vals Legendes de la Foret Viennoise;Strauss; Johann (Hijo);354;12' 39;
244;Nocturno n. 11;Chopin; Frederic;Sol m;37 / 1;5' 46
245;Sinfonia n. 5;Mahler; Gustav;Do # m;63' 21;
246;Castilla;Albeniz; Isaac;2' 57;;
247;Seis conciertos. 4.;Vivaldi; Antonio;RV 435 (10);7' 13;
248;Sinfonia n. 2 “Pequegna Rusia”;Tchaikovsky; Piotr Ilyich;17;34' 21;
249;La traviata;Verdi; Giuseppe;39' 50;;
250;Obertura “Coriolan”;Beethoven; Ludwig Van;62;8' 58;
251;Eugene Onegin;Tchaikovsky; Piotr Ilyich;76' 41;;
252;Obertura de In ballo in maschera (Acto II);Verdi; Giuseppe;2' 02;;
253;Sonata para clavicembalo;Scarlatti; Domenico;Do m;K 526;2' 34
254;Variaciones Goldberg;Bach; Johann Sebastian;BWV 0988;75' 50;
255;Vals del emperador;Strauss; Johann (Hijo);437;11' 08;
256;El Salon Mexico;Copland; Aaron;11' 00;;
257;Sonata para clavicembalo;Scarlatti; Domenico;K 455;3' 26;
258;Asturias;Albeniz; Isaac;5' 50;;
259;Vals n. 13;Chopin; Frederic;Re b M;70 / 3;2' 56
260;Concierto para violonchelo y orquesta;Dvorak; Antonin;Si m;104;38' 38
261;Pasion segun San Mateo;Bach; Johann Sebastian;BWV 0244;76' 49;
262;Sinfonia n. 9. “Coral”. 4º mov. Oda a la alegria.;Beethoven; Ludwig Van;Re m;125;7' 37
263;Torre Bermeja;Albeniz; Isaac;4' 12;;
264;Octeto;Beethoven; Ludwig Van;Mi b M;103;22' 04
265;Suite del Ballet “El lago de los cisnes”;Tchaikovsky; Piotr Ilyich;20;26' 16;
266;Polonesa (Nochebuena);Rimsky-Korsakov; Nicolai;4' 23;;
267;Cancion;Falla; Manuel de;1' 50;;
268;Fatum;Tchaikovsky; Piotr Ilyich;77;16' 16;
269;Improvisaciones sobre canciones campesinas hungaras;Bartok; Bela;Sz 074;11' 59;
270;Concierto n. 5;Albinoni; Tomaso;10' 45;;
271;Tarantella;Castelnuovo-Tedesco; Mario;4' 11;;
272;Concierto n. 7;Albinoni; Tomaso;Re m;7' 30;
273;Cuatro canciones;Dvorak; Antonin;82;8' 44;
274;Concierto para trompeta y orquesta;Torelli; Giuseppe;Re M;7' 19;
275;Concierto para 2 violines, orquesta de cuerda;Bach; Johann Sebastian;BWV 1060;14' 57;
276;Concierto para trompeta y orquesta n. 2;Albinoni; Tomaso;Re m;13' 51;
277;Capricho Italiano;Tchaikovsky; Piotr Ilyich;45;16' 39;
278;Vals Sangre Vienesa;Strauss; Johann (Hijo);354;8' 07;
279;Concierto para Cuerno y orquesta en Mi b Mayor;Mozart; Wolfgang Amadeus;K 495;16' 11;
280;Sinfonia n. 9 “La grande”;Schubert; Franz;Do M;D 944;61' 55
281;Polonesa - Fantasia;Chopin; Frederic;La b M;61;13' 05
282;Rapsodia espagnola;Ravel; Maurice;14' 57;;
283;Romanzas sin palabaras;Mendelssohn-Bartholdy; Felix;62;12' 50;
284;Variaciones sobre un tema original “Enigma”.;Elgar; Edward;36;30' 46;
285;Danza de los sables (Gayane);Khachaturian; Aram;2' 36;;
286;Nocturno n. 18;Chopin; Frederic;Mi M;62 / 2;6' 11
287;Chiquilin;Piazzola; Astor;3' 28;;
288;Vals Las hojas del amanecer;Strauss; Johann (Hijo);279;5' 43;
289;Vals Cancion de amor;Strauss; Johann (Hijo);114;4' 07;
290;Serenata;Falla; Manuel de;3' 51;;
291;Danzas Eslavas;Dvorak; Antonin;46;39' 30;
292;Sexteto para cuerda “Souvenir de florencia”;Tchaikovsky; Piotr Ilyich;70;34' 42;
293;Polonesa n. 6 “Heroica”;Chopin; Frederic;La b M;53;6' 26
294;Sonata para clavicembalo;Scarlatti; Domenico;K 478;3' 44;
295;Obertura solemne 1812;Tchaikovsky; Piotr Ilyich;490;15' 31;
296;Idilio;Suk; Josep;7 / 4 a;4' 10;
297;Danza hungara n. 19;Brahms; Johannes;1' 59;;
298;Preludio;Rachmaninov; Sergei;Fa # m;23-ene;4' 38
299;Truenos y relampagos;Strauss; Johann (Hijo);324;3' 14;
300;La tumba de Couperin;Ravel; Maurice;17' 32;;
301;Sinfonia n. 2;Elgar; Edward;Mi b M;63;59' 00
302;Pieza en forma de habanera;Ravel; Maurice;2' 31;;
303;Khovanshchina;Mussorgsky; Modest;30' 13;;
304;El amor brujo;Falla; Manuel de;25' 03;;
305;Danza hungara n. 5;Brahms; Johannes;2' 34;;
306;Vals n. 1. “Gran vals brillante”;Chopin; Frederic;Mi b M;18;5' 08
307;Danza hungara n. 18;Brahms; Johannes;1' 29;;
308;Sonata para clavicembalo;Scarlatti; Domenico;Re m;K 213;3' 44
309;Romanzas sin palabaras;Mendelssohn-Bartholdy; Felix;30;15' 34;
310;Melodia;Bloch; Ernest;2' 44;;
311;Danza Pomposa;Tansman; Alexandre;2' 53;;
312;Sinfonia n. 1;Elgar; Edward;La b M;55;53' 42
313;Sonata para clavicembalo;Scarlatti; Domenico;K 454;2' 38;
314;Suite Andina;Barrios; Agustin;12' 35;;
315;Obertura de La traviata.;Verdi; Giuseppe;3' 42;;
316;Cancion en la noche;Salzedo; Carlos;3' 12;;
317;Sarita (Mazurca);Barrios; Agustin;3' 35;;
318;Suite Bergamasque;Debussy; Claude;16' 13;;
319;Tres movimientos de “suite Lirica”;Berg; Alban;17' 21;;
320;Sinfonia n. 3;Brahms; Johannes;Fa M;90;35' 23
321;Sinfonia n. 99;Haydn; Franz Joseph;Mi b M;23' 34;
322;Danza hungara n. 9;Brahms; Johannes;2' 09;;
323;Concierto para oboe y orquesta;Haydn; Franz Joseph;Do M;21' 28;
324;El vals;Ravel; Maurice;12' 38 ;;
325;Requiem para solistas, coro y orquesta;Mozart; Wolfgang Amadeus;K 626;53' 56;
326;12 Preludios - 1º libro.;Debussy; Claude;25' 58;;
327;Quinteto n. 5 para dos violines, alto, dos violonchelos;Boccherini; Luigi;Mi M;13-may;21' 52
328;Sinfonia n. 4 “Romantica”;Bruckner; Anton;Mi b M;61' 20;
329;Nocturno;Tchaikovsky; Piotr Ilyich;Fa M;010 / 1;4'04
330;Psalm 55, 2-8. Hyme “Hor mein Bitten”;Mendelssohn-Bartholdy; Felix; ;9' 58;
331;Obertura de Aida.;Verdi; Giuseppe;4' 15;;
332;Sinfonia n. 1;Schumann; Robert;Si M;38;32' 15
333;Sonata para piano n. 11;Beethoven; Ludwig Van;Si M;22;23' 53
334;Sobre las brasas ardientes;Tchaikovsky; Piotr Ilyich;025 / 2;1' 42;
335;Quinteto para instrumento de viento n. 2;Reicha; Anton;Mi b M;88 / 2;14' 07
336;Valse-scherzo;Tchaikovsky; Piotr Ilyich;La M;7;4' 24
337;Concierto para Oboe y orquesta de cuerdas;Albinoni; Tomaso;08-mar;10' 45;
338;Trozos de fantasias para piano;Rachmaninov; Sergei;3;19' 28;
339;El nigno y los sortilegios;Ravel; Maurice;42' 55;;
340;Carmina Burana, “O fortuna”.;Off; Carl;2' 35;;
341;“Scaramouche” para dos painos.;Milhaud; Darius;9' 51;;
342;Capricho Italiano;Tchaikovsky; Piotr Ilyich;45;15' 59;
343;Csardas;Hungarian Gypsy Music;59' 10;;;
344;Villancico de Navidad;Barrios; Agustin;2' 33;;
345;Concierto n. 7 para clavicordio, cuerdas y continuo;Bach; Johann Sebastian;Sol m;BWV 1058;13' 01
346;Stabat Mater;Pergolesi; Giovanni Battista;35' 23;;
347;La edad dorada (Suite);Shostakovich; Dmitri;22 a;2' 04;
348;Momentos musicales;Schubert; Franz;D 780;8' 43;
349;Turandot;Puccini; Giacomo;120' 08;;
350;Nocturno;Moreno-Torroba; Federico;3' 29;;
351;Berceuse et Danse;Tansman; Alexandre;5' 29;;
352;Suite Espagnola;Sanz; Gaspar;13' 00;;
353;Romeo y Julieta. Fantasia. Obertura.;Tchaikovsky; Piotr Ilyich;18' 38;;
354;2 Polonesas;Chopin; Frederic;40;13' 20;
355;Obras para piano;Brahms; Johannes;76;27' 36;
356;Concierto para piano y orquesta n. 1;Saint-Saens; Camille;17;26' 06;
357;L'espliege;Tchaikovsky; Piotr Ilyich;Mi M;072 / 12;1' 43
358;Francesca da Rimini;Tchaikovsky; Piotr Ilyich;32;23' 05;
359;Sherezade;Rimsky-Korsakov; Nicolai;35;44' 06;
360;Sinfonia n. 5. Adagietto;Mahler; Gustav;11' 36;;
361;Sonata para piano n. 21 “Waldstein”;Beethoven; Ludwig Van;Do M;53;22' 56
362;Sinfonia n. 8;Dvorak; Antonin;Sol M;88;35' 39
363;Sinfonia n. 5;Beethoven; Ludwig Van;Do m;67;33' 07
364;No lo creo, mi amigo;Tchaikovsky; Piotr Ilyich;006 / 1;3' 12;
365;Piezas liricas – Libro 7;Grieg; Edvard Hagerup;62;6' 10;
366;La Forza del Destino;Verdi; Giuseppe;169' 58;;
367;Los cuentos de hoffmann. Barcarola.;Offenbach; Jacques;4' 31;;
368;El vuelo del moscardon;Rimsky-Korsakov; Nicolai;1' 21;;
369;Zigeunerweisen;Sarasate; Pablo;20;8' 22;
370;Quinteto per archi n. 2;Boccherini; Luigi;Fa M;50 / 2;14' 41
371;Sinfonia n. 9 “Coral”;Beethoven; Ludwig Van;Re m;125;67' 32
372;Danza hungara n. 13;Brahms; Johannes;1' 30;;
373;Sinfonia n. 2;Beethoven; Ludwig Van;Re M;36;34' 58
374;Quinteto n. 1 para dos violines, dos altos, violonchelo;Boccherini; Luigi;La m;47 / 1;17' 35
375;Vals Bombones vieneses;Strauss; Johann (Hijo);307;3' 49;
376;Cuentos de los bosques de Viena;Strauss; Johann (Hijo);325;12' 22;
377;Concierto para orquesta;Bartok; Bela;SZ 116;37' 22;
378;Obertura solemne “1812”;Tchaikovsky; Piotr Ilyich;49;16' 45;
379;El anillo del nibelungo;Wagner; Richard;76' 46;;
380;Concierto para piano y orquesta n. 1;Brahms; Johannes;Re m;15;48' 22
381;Gran Fuga;Beethoven; Ludwig Van;Si b M;133;15' 31
382;Amor de poeta;Schumann; Robert;48;28' 43;
383;Dormidos, despertad, la voz llama (Arreglo orquestal);Bach; Johann Sebastian;BWV 0140;4' 35;
384;Tendres reproches;Tchaikovsky; Piotr Ilyich;Do # m;072 / 03;2' 24
385;Pedro y el lobo (ingles);Prokofiev; Serge;67;29' 21;
386;Momento Musical;Rachmaninov; Sergei;Do M;16-jun;3' 52
387;Concierto de Branderburgo n. 2;Bach; Johann Sebastian;Fa M;BWV 1047;13' 06
388;U suegno en la floresta;Barrios; Agustin;7' 10;;
389;Preludios – Segundo Libro;Debussy; Claude;21' 12;;
390;El suegno de una noche de verano;Mendelssohn-Bartholdy; Felix;61;48' 44;
391;La bella excentrica;Satie; Erik;7' 47;;
392;Romance;Tchaikovsky; Piotr Ilyich;Fa m;5;5' 49
393;Mazurca;Falla; Manuel de;4' 58;;
394;Concierto para trompeta y orquesta;Haydn; Franz Joseph;Mi b M;14' 20;
395;Funerales;Liszt; Franz;G 173 / 7;11' 43;
396;Preludios fofos (para un perro) para piano;Satie; Erik;4' 35;;
397;Romance;Tchaikovsky; Piotr Ilyich;Fa m;5;5' 33
398;Pavana n. 5;Milan; Luis;1' 04;;
399;Sinfonia n. 1;Balakirev; Mili;Do M;42' 48;
400;Nocturno n. 20;Chopin; Frederic;Do # M;Postumo;4' 35
401;Concerto “L'amoroso”;Vivaldi; Antonio;Mi M;RV 271;11' 08
402;Tamara;Balakirev; Mili;22' 54;;
403;Concierto para violin;Elgar; Edward;Si m;61;54' 00
404;Porgy & Bess. Suite sinfonica.;Gershwin; George;31' 19;;
405;Gayane. Suite n. 1;Khachaturian; Aram;15' 19;;
406;Gisella;Adam; Adolphe;23' 30;;
407;Lelisir damore;Donizetti; Gaetano;77' 09;;
408;Estudios sinfonicos;Schumann; Robert;13;35' 40;
409;Bolero;Ravel; Maurice;14' 48;;
410;Marcha rusa;Strauss; Johann (Hijo);426;2' 24;
411;Romeo y Julieta;Prokofiev; Serge;64;48' 24;
412;Sonata para piano n. 14;Mozart; Wolfgang Amadeus;Do m;K 457;20' 46
413;Suite para trompeta y orquesta;Haendel; Georges Friederic;7' 54;;
414;Sinfonia n. 1;Beethoven; Ludwig Van;Do M;21;23' 27
415;En las estepas de Asia Central;Borodin; Alexander;6' 44;;
416;Rapsodia hungara n. 5;Liszt; Franz;12' 51;;
417;El cazador furtivo. Obertura.;Weber; Carl Maria von;10' 04;;
418;Irmelin Prelude;Delius; Frederick;5' 03;;
419;Vals n. 12;Chopin; Frederic;Fa m;70 / 2;2' 25
420;Vistes al mar;Toldra; Eduard;16' 00;;
421;Nueve himnos liturgicos;Tchaikovsky; Piotr Ilyich;27' 09;;
422;Vals El bello danubio azul;Strauss; Johann (Hijo);314;10' 54;
423;Masques y Bergamasques;Faure; Gabriel;112;15' 03;
424;Romance de los pinos;Moreno-Torraba; Federico;1' 52;;
425;Badinerie;Corelli; Arcangelo;0' 58;;
426;Suite del Ballet “El Cascanueces”;Tchaikovsky; Piotr Ilyich;071 a;23' 06;
427;Scherzo n. 1;Schubert; Franz;D 593;6' 08;
428;Vals del emperador;Strauss; Johann (Hijo);437;11' 16;
429;Cuarteto de cuerdas n. 13 – Final.;Beethoven; Ludwig Van;Si b M;130;7' 47
430;Minuetto;Sor; Ferdinando;2' 25;;
431;Serenata para cuerdas;Tchaikovsky; Piotr Ilyich;48;30' 44;
432;Adagio para violin y orquesta;Mozart; Wolfgang Amadeus;Mi M;K 261;7' 59
433;El vals;Ravel; Maurice;12' 24;;
434;El ahahuete recuerda;Ponce; Manuel;3' 13;;
435;Gigue;Corelli; Arcangelo;2' 28;;
436;Concierto para guitarra y orquesta de cuerdas;Giuliani; Mauro;La M;30;21' 54
437;Fuga;Bach; Johann Sebastian;Sol m;BWV 0578;3' 46
438;Los hombres son mezquinos;Schubert; Franz;D 866;2' 27;
439;Preludio n. 3;Villa-Lobos; Heitor;5' 20;;
440;Momento Musical;Rachmaninov; Sergei;Mi m;16-abr;2' 26
441;Preludio y fuga;Bach; Johann Sebastian;Fa m;BWV 0534;9' 50
442;Partita para violin solo;Bach; Johann Sebastian;Si m;BWV 1002;33' 05
443;Concierto para flauta de pico, viola de gamba, cuerdas;Telemann; Georg Philipp;La m;14' 56;
444;Concierto para piano y orquesta n. 3;Saint-Saens; Camille;29;28' 38;
445;El gallo de oro. Suite.;Rimsky-Korsakov; Nicolai;24' 02;;
446;Concierto de Branderburgo n. 1;Bach; Johann Sebastian;Fa M;BWV 1046;20' 43
447;12 Estudios;Chopin; Frederic;10;28' 36;
448;Suspiro;Elgar; Edward;70;5' 08;
449;Tannhauser;Wagner; Richard;75' 58;;
450;Nocturno n. 2;Chopin; Frederic;09-feb;3' 58;
451;Sinfonia n. 96, “Milagro”;Haydn; Franz Joseph;Re M;22' 37;
452;El arte de la fuga;Bach; Johann Sebastian;BWV 1080;72' 36;
453;Acuarelas;Strauss; Joseph;258;3' 22;
454;Nocturno n. 6;Chopin; Frederic;Sol m;15-mar;3' 57
455;Sonata para piano n. 8 “Patetica”;Beethoven; Ludwig Van;Do m;13;18' 03
456;Las dos hermanitas;Tarrega; Francisco;3' 08;;
457;Danzas Eslavas para piano a cuatro manos;Dvorak; Antonin;72;32' 45;
458;Motete “Litaniae de Beata Virgine”;De Victoria; Tomas Luis;34' 06;;
459;Sinfonia n. 3 “Eroica”;Beethoven; Ludwig Van;Mi m;55;49' 40
460;Concierto n. 4 para clavicordio, cuerdas y continuo;Bach; Johann Sebastian;La M;BWV 1055;12' 56
461;La procesion del Rocio;Turina; Joaquin;8' 45;;
462;Sinfonia n. 5;Schubert; Franz;Si b M;D 485;26' 55
463;Concierto para violin y orquesta;Tchaikovsky; Piotr Ilyich;Re M;35;33' 30
464;Impromptus;Schubert; Franz;D 935;7' 19;
465;Concierto para trompeta y orquesta n. 1;Baldassare; Pietro;Fa M;7' 31;
466;Divertimento n. 4;Mozart; Wolfgang Amadeus;11' 05;;
467;Triosonata n. 1;Bach; Johann Sebastian;Mi b M;BWV 0525;13' 18
468;Danza hungara n. 6;Brahms; Johannes;3' 25;;
469;Sonata para piano n. 31;Beethoven; Ludwig Van;La m;110;22' 32
470;Tristan e Isolda;Wagner; Richard;76' 56;;
471;Asi hablo Zaratustra. Introduccion.;Strauss; Richard;30;1' 55;
472;Tema y Variaciones sobre sexteto de cuerda;Brahms; Johannes;Re m;18;9' 18
473;Cantando sobre las aguas;Schubert; Franz;D 774;3' 57;
474;Musica para cuerdas, percusion y celesta;Bartok; Bela;Sz 106;31' 32;
475;Concierto para piano n. 2;Bartok; Bela;Sz 095;28' 51;
476;Partita para violin solo;Bach; Johann Sebastian;Mi M;BWV 1006;19' 33
477;Obertura “Fidelio”;Beethoven; Ludwig Van;072 b;6' 57;
478;Concierto para piano n. 3;Beethoven; Ludwig Van;Do m;37;35' 41
479;Oda a Santa Cecilia;Purcell; Henry;53' 02;;
480;Gebet Nach Psalme 51 / 130;Mendelssohn-Bartholdy; Felix; ;42;24' 22
481;Preludio;Rachmaninov; Sergei;Sol m;23;3' 40
482;Dialogo;Tchaikovsky; Piotr Ilyich;Si M;072 / 08;4' 22
483;Dos piezas para pequegna orquesta;Delius; Frederick;13' 40;;
484;Concierto para piano y orquesta n. 1. 1º movimiento.;Chopin; Frederic;11;3' 40;
485;Polonesa solemne.;Dvorak; Antonin;Mi M;5' 30;
486;Gimnopedias n. 1 y n. 2;Satie; Erik;8' 08;;
487;Danza Espagnola n. 5 “Andaluza”;Granados; Enrique;37 / 5;4' 37;
488;Cuarteto para cuerdas “La caza”;Mozart; Wolfgang Amadeus;Si b M;K 458;22' 30
489;Concierto para violin y orquesta n. 2;Mozart; Wolfgang Amadeus;Re M;K 211;20' 42
490;1º movimiento de Sinfonia n. 4 “La italiana”;Mendelssohn-Bartholdy; Felix;La M;10' 29;
491;Tres piezas de orquesta;Berg; Alban;6;21' 04;
492;Baladas;Brahms; Johannes;10;25' 01;
493;Ivan el terrible;Rimsky-Korsakov; Nicolai;4' 07;;
494;Vals n. 10;Chopin; Frederic;Si m;69 / 2;3' 22
495;Sinfonia n. 5;Shostakovich; Dmitri;Re m;47;44' 17
496;Motete “Gaudent in coelis”;De Victoria; Tomas Luis;34' 06;;
497;Capricho arabe;Tarrega; Francisco;5' 04;;
498;Coronado con honor;Ketelbey; Albert;5' 20;;
499;Marcha de Pompa y circunstancia n. 5;Elgar; Edward;39 / 5;5' 25;
500;Rapsodia para violin y orquesta n. 2;Bartok; Bela;10' 52;;
501;Sinfonia n. 3 “Eroica”;Beethoven; Ludwig Van;Mi m;55;49' 55
502;Concierto para clarinete y orquesta;Mozart; Wolfgang Amadeus;La M;K 622;28' 19
503;La Walkyria: Cabalgata de las Walkyrias.;Wagner; Richard;6' 08;;
504;Melodia n. 1;Rubinstein; Anton;Fa M;3;2' 50
505;Sinfonia n. 5;Tchaikovsky; Piotr Ilyich;Mi m;64;46' 06
506;Sinfonia concertante para oboe y clarinete;Mozart; Wolfgang Amadeus;Mi b M;K 297 b;30' 09
507;Sonata para clavicembalo;Scarlatti; Domenico;Sol M;K 348;2' 28
508;Pequegna Suite;Bartok; Bela;Sz 105;6' 43;
509;Octeto (Postumo);Schubert; Franz;Fa M;D 803;57' 25
510;2 Piezas para piano;Mendelssohn-Bartholdy; Felix;5' 36;;
511;Cuarteto de cuerda “Americano”;Dvorak; Antonin;Fa M;96;25' 36
512;I Pagliacci;Leoncavallo; Ruggero;79' 57;;
513;Romanzas sin palabaras;Mendelssohn-Bartholdy; Felix;53;16' 12;
514;Concierto para flauta y cuerda;Bach; Carl Philipp;Re m;24' 22;
515;Suite Dolly;Faure; Gabriel;56;17' 49;
516;Seis piezas para piano;Brahms; Johannes;118;24' 55;
517;Variaciones sobre un tema de corelli;Rachmaninov; Sergei;42;15' 31;
518;Concerto “Alla rustica”;Vivaldi; Antonio;Sol M;RV 151;5' 01
519;Suite Francesa n. 6;Bach; Johann Sebastian;Mi M;BWV 0817;11' 42
520;Obertura “Criaturas de Prometeo”;Beethoven; Ludwig Van;43;5' 30;
521;Vals Cancion de amor;Strauss; Johann (Hijo);114;9' 44;
522;Suites de Danzas para orquesta;Bartok; Bela;17' 45;;
523;Nadie excepto el corazon solitario;Tchaikovsky; Piotr Ilyich;006 / 6;3' 11;
524;Cuarteto de cuerdas n. 13;Beethoven; Ludwig Van;Si b M;130;36' 09
525;Preludio para la siesta de un Fauno;Debussy; Claude;10' 18;;
526;Misa Papa Marcelli;Palestrina; Giovanni Pierluigi ;48;32' 49;
527;Danza hungara n. 5;Brahms; Johannes;2' 21;;
528;Danzas folkloricas Rumanas;Bartok; Bela;Sz 056;4' 36;
529;Cancion de cuna;Tchaikovsky; Piotr Ilyich;016 / 1;3' 27;
530;Sinfonia n. 8 “Inacabada”. 2º movimiento.;Schubert; Franz;Si m ;D 759;10' 30
531;Sinfonia n. 6;Beethoven; Ludwig Van;Fa M;69;42' 40
532;Mazurca n. 44;Chopin; Frederic;Do M;67 / 3;1' 45
533;Sinfonia n. 104, “Salomon”;Haydn; Franz Joseph;Re M;25' 35;
534;Concierto a quatro n. 2;Galuppi; Baldassare;5' 58;;
535;Quinteto para piano;Dvorak; Antonin;La M;81;36' 51
536;Danza hungara n. 21;Brahms; Johannes;1' 29;;
537;Sonata para violin y piano;Hindemith; Paul;Mi M;8' 57;
538;Serenata “Gran Partita”;Mozart; Wolfgang Amadeus;Si b M;K 361;37' 04
539;Laudate Dominum y Magnificat ;Mozart; Wolfgang Amadeus;K 339;9' 33;
540;Nocturno n. 4;Chopin; Frederic;Fa M;15-ene;4' 27
541;Obertura de La forza del destino.;Verdi; Giuseppe;8' 05;;
542;Nocturno n. 13;Chopin; Frederic;Do m;48 / 1;6' 18
543;Al Ruisegnor;Schubert; Franz;D 497;1' 45;
544;Adios nonino;Piazzolla; Astor;4' 50;;
545;Miniatura n. 1;Kukuric; S.;2' 22;;
546;Musica para el Rey Lear;Debussy; Claude;4' 47;;
547;Obertura “Consagracion de la Casa”;Beethoven; Ludwig Van;124;11' 08;
548;Polka poco danzante;Tchaikovsky; Piotr Ilyich;Si m;051 / 2;4' 04
549;La creacion;Haydn; Franz Joseph;116' 02;;
550;Romance anonimo;Anonimo;3' 12;;;
551;Concierto para cuerno frances y orquesta;Mozart; Wolfgang Amadeus;Mi b M;K 447;14' 51
552;Vals n. 7;Chopin; Frederic;Do # m;64 / 2;3' 25
553;Iberia. Cuaderno n. 3.;Albeniz; Isaac;19' 29;;
554;La bruja del mediodia. Poema sinfonico.;Dvorak; Antonin;108;14' 39;
555;Petruchka (Escenas burlescas en 4 cuadros);Stravinsky; Igor;32' 23;;
556;Danza de las jovenes doncellas (Gayane);Khachaturian; Aram;1' 59;;
557;Variaciones sobre un tema de Haendel;Brahms; Johannes;Si b;24;27' 12
558;Danza Caracteristica;Brouwer; Leo;2' 00;;
559;Piezas liricas – Libro 10;Grieg; Edvard Hagerup;71;4' 27;
560;Piezas liricas – Libro 9;Grieg; Edvard Hagerup;68;2' 11;
561;Banco de Vacaciones;Ketelbey; Albert;2' 47;;
562;Concierto para 2 clavicordios, cuerdas y continuo;Bach; Johann Sebastian;Do M;BWV 1061;17' 22
563;Mazurca en Sol Mayor;Tarrega; Francisco;Sol M;3' 06;
564;Bachianas Brasileiras n. 9;Villa-Lobos; Heitor;10' 56;;
565;El pajaro de fuego (suite version 1919);Stravinsky; Igor;20' 52;;
566;Amor y vida de mujer;Schumann; Robert;42;22' 13;
567;Suite (obertura) n. 5;Bach; Johann Sebastian;Sol m;BWV 1070;21' 41
568;Maxixe;Barrios; Agustin;3' 18;;
569;Sevilla de la Suite Espagnola;Albeniz; Isaac;4' 33;;
570;Sinfonia n. 6;Dvorak; Antonin;Re M;60;39' 54
571;Danzas Eslavas para piano a cuatro manos;Dvorak; Antonin;46;35' 15;
572;Concierto para cuatro violines sin continuo;Telemann; Georg Philipp;Re M;6' 26;
573;Obertura “Libusa”;Smetana; Bedrich;8' 40;;
574;Reverie;Tchaikovsky; Piotr Ilyich;Re M;009 / 1;5' 51
575;Suite “Lulu”;Berg; Alban;24' 01;;
576;Nocturno n. 15;Chopin; Frederic;Fa m;55 / 1;4' 41
577;Francesca da Rimini;Tchaikovsky; Piotr Ilyich;32;24' 14;
578;Preludio n. 4;Villa-Lobos; Heitor;3' 24;;
579;Iberia. Cuaderno n. 1.;Albeniz; Isaac;17' 42;;
580;Orgia de las danzas fantasticas;Turina; Joaquin;13' 42;;
581;Obertura “La gran Pascua Rusa”;Rimsky-Korsakov; Nicolai;36;14' 53;
582;Ave Maria;Schubert; Franz;D 839;8' 04;
583;Elegia;Rachmaninov; Sergei;Mi b m;03-ene;5' 33
584;Arabesque;Debussy; Claude;4' 25;;
585;Ariodante. Aria: “Con l'ali di costanza”;Haendel; Georges Friederic; ; ;6' 16
586;Concierto para violin;Bruch; Max;Sol m;26;24' 15
587;Tangosain;Bacalov; Luis;7' 59;;
588;Suite;Bach; Johann Sebastian;Sol M;18' 48;
589;Sinfonia n. 8;Dvorak; Antonin;Sol M;88;36' 58
590;Concierto para oboe y orquesta;Mozart; Wolfgang Amadeus;Do M;K 314;19' 50
591;Danza de los marinos rusos (El pavo rojo);Gliere; Reinhold;3' 23;;
592;Octeto;Schubert; Franz;Fa M;D 803;56' 19
593;Pavana para una infanta difunta;Ravel; Maurice;7' 13;;
594;Sinfonia concertante para violin, viola y orquesta;Mozart; Wolfgang Amadeus;K 364;29' 17;
595;Gran Fuga;Beethoven; Ludwig Van;Si b M;133;15' 31
596;Diez melodias vascas;Guridi; Jesus;19' 20;;
597;Barcarola;Tansman; Alexandre;2' 45;;
598;Misa del Credo.;Mozart; Wolfgang Amadeus;Do M;K 257;26' 10
599;“Musica Acuatica”, Suite n. 2;Haendel; Georges Friederic;Re M;HV 349;11' 57
600;Danza de los acrobatas (La doncella de las nieves);Rimsky-Korsakov; Nicolai;3' 25;;
601;Concierto para violin y orquesta;Brahms; Johannes;Re M;77;40' 4
602;Sinfonia n. 2 (La edad de la Ansiedad);Bernstein; Leonard;32' 00;;
603;Don Giovanni (Obertura);Mozart; Wolfgang Amadeus;K 527;5' 57;
604;Trio para piano n. 4 “Dumky”;Dvorak; Antonin;Mi m;90;30' 08
605;Rumba;Salzedo; Carlos;2' 09;;
606;Concierto para violin y orquestra;Barber; Samuel;14;24' 05;
607;Por las orillas de su lejano pais;Borodin; Alexander;4' 27;;
608;Sinfonia n. 5;Schubert; Franz;Si b M;D 485;30' 18
609;Sonata para piano n. 11;Mozart; Wolfgang Amadeus;La M;K 331;23' 30
610;Cancion del destino;Brahms; Johannes;54;16' 37;
611;Concierto de Aranjuez;Rodrigo; Joaquin;20' 49;;
612;Sinfonietta;Janacêk; Leos;23' 05;;
613;Concierto Dumbarton;Stravinsky; Igor;4' 58;;
614;Sinfonia n. 1;Schubert; Franz;Re M;D 082;28' 47
615;El clave bien temperado. Parte 2. n. 13-24.;Bach; Johann Sebastian;BWV 0880;66' 33;
616;La jota de la dolores;Breton; Tomas;7' 31;;
617;Misa de Requiem en 6 partes;De Victoria; Tomas Luis;34' 06;;
618;Preludio y fuga sobre Bach;Liszt; Franz;11' 17;;
619;Tema y variaciones de la Suite n. 3;Tchaikovsky; Piotr Ilyich;Sol m;55;19' 58
620;Romeo y Julieta. Fantasia. Obertura.;Tchaikovsky; Piotr Ilyich;42' 36;;
621;Nocturno n. 1;Chopin; Frederic;Si b m;09-ene;5' 42
622;Espagna: Seis hojas de album;Albeniz; Isaac;16' 49;;
623;Concierto para orquesta;Bartok; Bela;Sz 116;37' 34;
624;Seis conciertos. 2. “La Notte”.;Vivaldi; Antonio;RV 439 (10);7' 56;
625;Zapateado;Sarasate; Pablo;4' 00;;
626;Romanzas y Baladas (Abends am Strand);Schumann; Robert;045 / 3;3' 07;
627;Vier Gesange (Mein Wagen rollet langsam);Schumann; Robert;142 / 4;2' 39;
628;Los Planetas;Holst; Gustav;32;50' 56;
629;Obertura solemne “1812”;Tchaikovsky; Piotr Ilyich;49;15' 16;
630;Imprompto n. 1;Chopin; Frederic;La b M;29;4' 39
631;Suite Francesa n. 3;Bach; Johann Sebastian;Si m;BWV 0814;14' 29
632;Concierto para piano y orquesta n. 1;Chopin; Frederic;Mi m;11;39' 50
633;El cascanueces;Tchaikovsky; Piotr Ilyich;71;87' 44;
634;El sol se escondio;Tchaikovsky; Piotr Ilyich;073 / 4;1' 56;
635;Pavana;Faure; Gabriel;50;6' 47;
636;Cuarteto para cuerdas, “La caza”;Haydn; Franz Joseph;Si M;01-ene;17' 18
637;Islamej - Fantasia oriental;Balakirev; Mili;8' 52;;
638;Nocturno n. 17;Chopin; Frederic;Si M;62 / 1;8' 16
639;Intermedios;Brahms; Johannes;117;16' 18;
640;CaprichoEspagnol;Rimsky-Korsakov; Nicolai;17' 41;;
641;Sinfonia n. 4, “Italiana”;Mendelssohn-Bartholdy; Felix;La M;90;26' 24
642;Choros n. 1.;Villa-Lobos; Heitor;4' 11;;
643;Sonata para dos pianos;Brahms; Johannes;Fa m;034 b;40' 36
644;Tocata y fuga. Tocata.;Bach; Johann Sebastian;Re m;BWV 0565;2' 37
645;Cuarteto para cuerdas “Emperador”;Haydn; Franz Joseph;Do M;76 / 3;26' 35
646;Margaritas alrededor;Schubert; Franz;D 118;3' 20;
647;Sinfonia n. 8 “Incompleta”;Schubert; Franz;Si m;D 759;26' 21
648;Sonata para piano n. 32;Beethoven; Ludwig Van;Do m;111;33' 26
649;Danza hungara n. 14;Brahms; Johannes;2' 25;;
650;Suite n. 2;Bach; Johann Sebastian;Re M;BWV 1068;20' 01
651;Habanera;Saint-Saens; Camille;83;9' 51;
652;Sonata para piano n. 26. Los adioses;Beethoven; Ludwig Van;Mi M;081 a;17' 09
653;Vals n. 15;Brahms; Johannes;La # M;039 / 15;1' 50
654;En la mistica tierra de Egipto;Ketelbey; Albert;6' 27;;
655;Die Biene;Schubert; Franz;1' 07;;
656;Divertimento;Mozart; Wolfgang Amadeus;Fa M;K 213;9' 26
657;Ave Maria;Gounod; Charles (Bach);2' 48;;
658;Quinteto para piano n. 2;Faure; Gabriel;Do m;115;33' 27
659;Vals Bombones vieneses;Strauss; Johann (Hijo);307;9' 35;
660;Sonata para clavicembalo;Scarlatti; Domenico;Fa M;K 524;2' 34
661;Musica de las esferas;Strauss; Joseph;325;9' 10;
662;Mil y una noches;Strauss; Johann (Hijo);346;8' 56;
663;Fantasia (Allegro y andante);Mozart; Wolfgang Amadeus;Fa m;K 608;10' 06
664;Rapsodia para violin y orquesta n. 1;Bartok; Bela;11' 08;;
665;Ave Maria (Instrumental).;Schubert; Franz;D 839;5' 18;
666;Piezas para piano;Brahms; Johannes;76;28' 02;
667;Sonatina;Ravel; Maurice;9' 46;;
668;Danza hungara n. 2;Brahms; Johannes;2' 48;;
669;¿ Por que ?;Tchaikovsky; Piotr Ilyich;006 / 5;3' 26;
670;Obertura “Coriolano”;Beethoven; Ludwig Van;62;8' 26;
671;El Vals de Mefistofeles;Liszt; Franz;11' 38;;
672;Fuente cantarina. Nocturno para arpa.;Niemann; Albert;4' 49;;
673;La traviata;Verdi; Giuseppe;70' 58;;
674;Sinfonia n. 10;Manfredini; Francesco;Mi m;9' 30;
675;Decepcion;Tchaikovsky; Piotr Ilyich;065 / 2;2' 32;
676;Variaciones sobre un tema original “Enigma”;Elgar; Edward;36;29' 55;
677;Cuarteto para piano n. 2;Faure; Gabriel;Sol m;45;34' 17
678;Scherzino Mexicano;Ponce; Manuel;2' 22;;
679;Sinfonia n. 8;Beethoven; Ludwig Van;Fa M;93;28' 02
680;Alborada;Tarrega; Francisco;1' 48;;
681;Cuatro danzas para Rodeo;Copland; Aaron;21' 28;;
682;Homenaje a Claude Debussy;Falla; Manuel de;3' 08;;
683;Vals Vida de artistas;Strauss; Johann (Hijo);316;10' 34;
684;Soneto a Cordoba;Falla; Manuel de;2' 41;;
685;“Musica Acuatica”, Suite n. 3;Haendel; Georges Friederic;Sol M;HV 350;10' 44
686;Nocturno n. 2;Chopin; Frederic;Mi b M;09-feb;4' 33
687;Campanas a traves de las praderas.;Ketelbey; Albert;4' 38;;
688;Primavera en los apalaches;Copland; Aaron;23' 43;;
689;Scherzino;Tansman; Alexandre;2' 38;;
690;Romeo y Julieta. Suite n. 1;Prokofiev; Sergei;64 a;26' 22;
691;Iberia. Cuaderno n. 4.;Albeniz; Isaac;19' 25;;
692;Capricho espagnol;Rimsky-Korsakov; Nicolai;14' 40;;
693;Sonata para violin y arpa;Albinoni; Tomaso;La m;8' 05;
694;Fidelio;Beethoven; Ludwig Van;72;64' 32;
695;Divertimento n. 1;Mozart; Wolfgang Amadeus;Re M;K 136;18' 05
696;Vals Rosas del sur;Strauss; Johann (Hijo);388;9' 20;
697;El carnaval de los animales;Saint-Saens; Camille;22' 54;;
698;Take care in whom you trust;Strauss; Johann (Hijo);463;2' 51;
699;Concierto Grosso;Haendel; Georges Friederic;Re m;06-oct;16' 39
700;Canciones del Camarada Errante;Mahler; Gustav;17' 05;;
701;La muerte y la doncella;Schubert; Franz;D 531;2' 56;
702;Suite Bergamasque;Debussy; Claude;16' 25;;
703;Divertimento n. 5;Mozart; Wolfgang Amadeus;9' 35;;
704;El barbero de Sevilla. Obertura.;Rossini; Gioacchino Antonio;7' 34;;
705;Mi patria;Smetana; Bedrich;71' 51;;
706;Sarabande;Tansman; Alexandre;3' 11;;
707;Las cuatro estaciones. El verano;Vivaldi; Antonio;RV 315;9' 30;
708;En el jardin del Monasterio;Ketelbey; Albert;5' 29;;
709;Estudio n. 12 “Estudio revolucion”;Chopin; Frederic;Do m;10-dic;2' 57
710;Rondo;Sor; Ferdinando;4' 10;;
711;Concierto para violin, cuerda y bajo continuo;Bach; Johann Sebastian;La m;BWV 1041;15' 49
712;Sonatina;Bartok; Bela;Sz 055;4' 03;
713;Summer Evening;Delius; Frederick;6' 22;;
714;Parsifal;Wagner; Richard;77' 57;;
715;Psyche;Falla; Manuel de;5' 12;;
716;Pavana n. 4;Milan; Luis;0' 56;;
717;Romanzas y Baladas (Tragodie II);Schumann; Robert;049 / 3;1' 59;
718;Cancion de cuna;Brouwer; Leo;3' 35;;
719;Navarra;Albeniz; Isaac;5' 30;;
720;Canciones sin palabras;Tchaikovsky; Piotr Ilyich;3' 09;;
721;Olvidar tan pronto;Tchaikovsky; Piotr Ilyich;2' 29;;
722;Sinfonia n. 2;Bruckner; Anton;Do m;56' 58;
723;Schottisch - Choro;Villa-Lobos; Heitor;3' 18;;
724;La clemenza di Tito. Obertura y aria;Mozart; Wolfgang Amadeus; ; ;10' 33
725;Dos rapsodias;Brahms; Johannes;79;14' 22;
726;Carnaval;Schumann; Robert;9;26' 48;
727;La Boheme;Puccini; Giacomo;103' 26;;
728;Saudade n. 3;Dyens; Roland;5' 55;;
729;Ballada n. 4;Chopin; Frederic;Fa m;52;11' 40
730;La tempestad;Tchaikovsky; Piotr Ilyich;18;22' 22;
731;Danza Lenta;Granados; Enrique;4' 05;;
732;2 Nocturnos;Chopin; Frederic;48;12' 20;
733;Cantata n. 140;Bach; Johann Sebastian;BWV 0140;31' 10;
734;Concierto n. 3 para clavicordio, cuerdas y continuo;Bach; Johann Sebastian;Re M;BWV 1054;11' 04
735;Sinfonia n. 29;Mozart; Wolfgang Amadeus;La M;K 201;28' 44
736;Suegno;Tarrega; Francisco;6' 36;;
737;Pastoral;Bach; Johann Sebastian;Fa M;BWV 0590;12' 31
738;Canciones Biblicas;Dvorak; Antonin;99;26' 48;
739;El poema del extasis;Scriabin; Alexander;54;20' 25;
740;Sonata para trompeta y orquesta;Telemann; Georg Philipp;Re M;9' 07;
741;Gaspar de la noche;Ravel; Maurice;21' 13;;
742;Dos piezas para orquesta (Al escuchar el primer cuco ...;Delius; Frederick;7' 12;;
743;12 Danzas Espagnolas. (Guitarra).;Granados; Enrique;37;57' 51;
744;Danza hungara n. 1;Brahms; Johannes;3' 26;;
745;Harmoniemesse;Haydn; Franz Joseph;Si b M;HV 22 / 14;43' 09
746;Vals Sangre vienesa;Strauss; Johann (Hijo);354;9' 26;
747;Oberon. Obertura;Weber; Carl Maria von;8' 55;;
748;Concierto para piano y orquesta n. 2;Rachmaninov; Sergei;Do m;18;32' 59
749;Sonata No. 2  para violin y piano (Poema mistico);Bloch; Ernest;23' 17;;
750;Trio para piano n. 1 “Fantasma”;Beethoven; Ludwig Van;70;27' 34;
751;Dance Rhapsody n. 2;Delius; Frederick;7' 40;;
752;Pavana n. 1;Milan; Luis;1' 16;;
753;Preludio de la suite para Laud;Bach; Johann Sebastian;Sol m;6' 25;
754;Suite del Ballet “La bella durmiente del bosque”;Tchaikovsky; Piotr Ilyich;066 a;20' 01;
755;Sicialiana;Bach; Johann Sebastian;2' 51;;
756;Souvenir de Hapsal (Cantos sin palabras n. 3);Tchaikovsky; Piotr Ilyich;2;3' 14;
757;La Creacion;Haydn; Franz Joseph;70 ‘06;;
758;12 Estudios;Chopin; Frederic;25;27' 30;
759;Fandango;Soler; Antonio;Re m;13' 02;
760;Sinfonia n. 9. “Coral”;Beethoven; Ludwig van;Re m;125;79' 02
761;“Musica Acuatica”, Suite n. 1;Haendel; Georges Friederic;Fa M;HV 348;32' 13
762;Pavana n. 3;Milan; Luis;1' 38;;
763;Obertura de La battaglia si legnano;Verdi; Giuseppe;8' 24;;
764;Cuarteto para cuerda n. 5 “La alondra”;Haydn; Franz Joseph;Re M;64 / 5;18' 28
765;L'estro Armorico (12 conciertos);Vivaldi; Antonio;3;117';
766;Marcha turca;Mozart; Wolfgang Amadeus;K 331;3' 15;
767;Concierto para piano y orquesta n. 2;Chopin; Frederic;Fa m;21;31' 29
768;El corazon de la noche;Tchaikovsky; Piotr Ilyich;2' 14;;
769;El cisne de “El carnaval de los animales”;Saint-Saens; Camille;2' 31;;
770;Polka Pizzicato;Strauss; Johann (Hijo);2' 41;;
771;Galop (Masquerade);Khachaturian; Aram;2' 36;;
772;Concierto Grosso;Haendel; Georges Friederic;Re M;03-jun;7' 06
773;Suite de “La Arlesiana” n. 1;Bizet; Georges;15' 10;;
774;Danza hungara n. 15;Brahms; Johannes;2' 15;;
775;Piezas liricas – Libro 3;Grieg; Edvard Hagerup;43;6' 32;
776;Serenata;Tchaikovsky; Piotr Ilyich;065 / 1;1' 45;
777;Vals EL Tesoro;Strauss; Johann (Hijo);418;3' 56;
778;Coppelia;Delibes; Leo;90' 55;;
779;Requiem de Guerra;Britten; Benjamin;84' 25;;
780;7 Canciones;Mussorgsky; Modest;22' 15;;
781;Sinfonia n. 1;Borodin; Alexander;Mi b M;35' 09;
782;Romanzas sin palabaras;Mendelssohn-Bartholdy; Felix;38;13' 43;
783;Serenata;Elgar; Edward;Mi m;20;13' 05
784;Mazurca;Tchaikovsky; Piotr Ilyich;Re M;040 / 05;3' 26
785;Bolero;Ravel; Maurice;15' 03;;
786;Concierto Grosso;Haendel; Georges Friederic;La m;06-abr;10' 49
787;Mabelita;Barrios; Agustin;2' 00;;
788;Adagio y Allegro;Mozart; Wolfgang Amadeus;Fa m;K 594;7' 46
789;Vals n. 9;Chopin; Frederic;La b M;69 / 1;4' 11
790;12 Preludios - 2º libro.;Debussy; Claude;21' 12;;
791;Coro de “Gloria in excelsis Deo”;Bach; Johann Sebastian;BWV 0191;6' 47;
792;Vals n. 4;Barrios; Agustin;8;4' 13;
793;Concierto para trompeta y orquesta n. 1;Haendel; Georges Friederic;Re M;7' 33;
794;Danza hungara n. 8;Brahms; Johannes;2' 59;;
795;Liederalbum fur die Jugend (Zigeunerliedchen II);Schumann; Robert;079 / 8;1' 24;
796;Polka del Tritsch-Tratsch;Strauss; Johann (Hijo);214;2' 38;
797;En el ruido de la pelota;Tchaikovsky; Piotr Ilyich;038 / 3;2' 22;
798;Concierto para violin y orquesta;Bach; Johann Sebastian;Sol m;BWV 1056;10' 09
799;Preludio n. 15 “Gota de lluvia”;Chopin; Frederic;Re # M;28 / 15;6' 53
800;Bolero;Ravel; Maurice;15' 08;;
801;Sinfonia n. 7;Beethoven; Ludwig Van;La M;92;38' 27
802;Tzigane. Rapsodia de concierto;Ravel; Maurice;8' 56;;
803;Rapsodia sobre un tema de Paganini;Rachmaninov; Sergei;43;23' 32;
804;Obertura “Fidelio”;Beethoven; Ludwig Van;72;6' 17;
805;Concierto para piano n. 2 ;Bartok; Bela;Sz 119;23' 22;
806;Para Elisa. Bagatela.;Beethoven; Ludwig van;La m;Wo0.59;2' 53
807;Cuarteto de cuerda “Slavonik”;Dvorak; Antonin;Mi b M;51;31' 02
808;Requiem para solista, coro y orquesta;Dvorak; Antonin;89;102' 25;
809;Sonata para clavicembalo;Scarlatti; Domenico;K 479;2' 30;
810;Los preludios: Poema Sinfonico n. 3;Liszt; Franz;16' 45;;
811;Duett: Largo - Allegro poco;Carulli; Fernando;6' 20;;
812;Sinfonia n. 32 (Obertura al estilo italiano);Mozart; Wolfgang Amadeus;Sol M;K 318;8' 18
813;Rapsodia espagnola;Liszt; Franz;11' 41;;
814;Romanzas sin palabras;Mendelssohn-Bartholdy; Felix;102;12' 32;
815;Concierto n. 7;Albinoni; Tomaso;Re m;7' 30;
816;Quinteto de cuerda;Mozart; Wolfgang Amadeus;Sol m;K 516;34' 27
817;Cuarteto de cuaerdas n. 2;Borodin; Alexander;Re M;27' 36;
818;Serenata “Pequegna musica nocturna”;Mozart; Wolfgang Amadeus;K 525;18' 31;
819;Concierto para piano y orquesta;Boieldieu; Francois Adrien;Fa M;20' 06;
820;Romanzas y Baladas (Die Feindlichen Bruder);Schumann; Robert;049 / 2;2' 10;
821;Despedida del Zar (Zar Saltan);Rimsky-Korsakov; Nicolai;57;4' 10;
822;Danzas andaluzas para dos pianos;Infante; Manuel;17' 07;;
823;Cuatro piezas para piano;Brahms; Johannes;119;15' 35;
824;Seis conciertos. 5.;Vivaldi; Antonio;RV 434 (10);9' 19;
825;Fantasia sinfonica de “El Kalevala”;Sibelius; Jean;49;15' 18;
826;Brigg Fair – An English Rhapsody;Delius; Frederick;15' 51;;
827;Sinfonia Concertante;Haydn; Franz Joseph;Si b M;84;22' 01
828;Obertura de Rigoletto.;Verdi; Giuseppe;2' 08;;
829;Polka Campigna;Strauss; Johann (Hijo);211;2' 46;
830;Il Trovatore;Verdi; Giuseppe;129' 01;;
831;Preludio;Rachmaninov; Sergei;Mi b M;23-jun;3' 06
832;Sons de carrilhoes;Pernambuco; Joao;2' 28;;
833;Sinfonia n. 88;Haydn; Franz Joseph;Sol M;21' 12;
834;Sinfonia n. 2;Borodin; Alexander;Si m;25' 04;
835;Barcarola;Tchaikovsky; Piotr Ilyich;373;4' 56;
836;Concierto para la mano izquierda;Ravel; Maurice;17' 31;;
837;Bachianas Brasileiras n. 2;Villa-Lobos; Heitor;22' 05;;
838;Suite Francesa n. 5;Bach; Johann Sebastian;Sol M;BWV 0816;14' 32
839;Canzoneta;Mendelssohn-Bartholdy; Felix;4' 40;;
840;Fantasia de “Greensleeves” para orquesta de cuerda, arp;Vaughan Williams; Ralph;4' 28;;
841;Sinfonia n. 8, “La tarde”;Haydn; Franz Joseph;Sol M;20' 47;
842;Sonata para clavicembalo;Scarlatti; Domenico;K 319;1' 54;
843;Las cuatro estaciones. El invierno;Vivaldi; Antonio;RV 297;8' 35;
844;Concierto para violin y orquesta;Brahms; Johannes;Re M;77;41' 03
845;Campero;Piazzola; Astor;3' 49;;
846;Misa;Bach; Johann Sebastian;Si m;BWV 0232;123' 30
847;Divertimento n. 3;Mozart; Wolfgang Amadeus;15' 27;;
848;Sinfonia n. 3;Borodin; Alexander;La m;16' 00;
849;Sonata para piano n. 30;Beethoven; Ludwig Van;Mi M;109;23' 55
850;Sinfonia n. 7, “El mediodia”;Haydn; Franz Joseph;Do M;20' 47;
851;Tu y Yo (Gavota Romantica);Barrios; Agustin;4' 18;;
852;Concierto para piano n. 20;Mozart; Wolfgang Amadeus;Re m;K 466;29' 56
853;Florida Suite (Daybreak);Delius; Frederick;10' 26;;
854;Vidalita con Variaciones;Barrios; Agustin;3' 41;;
855;Vals triste;Nedbal; Oscar;4' 53;;
856;Sinfonia fantastica;Berlioz; Hector;14;51' 41;
857;Suite Hebraica;Bloch; Ernest;11' 47;;
858;Cuarteto de cuerdas n. 12;Beethoven; Ludwig Van;Mi b M;127;36' 46
859;Pittsburgh;Hindemith; Paul;24' 36;;
860;Sinfonia n. 21;Haydn; Franz Joseph;La M;16' 36;
861;Fantasia sobre un tema de Tallis;Vaughan Williams; Ralph;15' 06;;
862;Concierto para piano n. 1 ;Bartok; Bela;Sz 083;24' 30;
863;Obertura “Candide”;Bernstein; Leonard;4' 21;;
864;Stabat Mater;Dvorak; Antonin;58;86' 12;
865;Gebet Nach Psalme 51 / 130;Mendelssohn-Bartholdy; Felix; ;79;1' 46
866;Danza hungara n. 10;Brahms; Johannes;1' 53;;
867;Sinfonia n. 9. “Del nuevo mundo”;Dvorak; Antonin;Mi m;95;43' 05
868;Bachianas Brasileiras n. 1;Villa-Lobos; Heitor;20' 23;;
869;Serenata para cuerdas;Dvorak; Antonin;Mi M;22;27' 29
870;Cuarteto para cuerda n. 5 “La alondra”;Haydn; Franz Joseph;64 / 5;17' 29;
871;Mi patria (Fragmentos);Smetana; Bedrich;05-mar;2' 42;
872;Sinfonia n. 6 “Tragica”;Mahler; Gustav;La m;79' 18;
873;Sinfonia;Franck; Cesar ;Re m;37' 23;
874;Preludio n. 5;Villa-Lobos; Heitor;3' 27;;
875;Cuarteto de cuerdas n. 13;Beethoven; Ludwig Van;Si b M;130;28' 22
876;Concierto Grosso;Haendel; Georges Friederic;Fa M;03-abr;11' 54
877;Quinteto para guitarra n. 4;Boccherini; Luigi;Re M;G 448;17' 10
878;Vals n. 5;Chopin; Frederic;La b M;42;3' 58
879;El cazador furtivo. Obertura.;Weber; Carl Maria von;9' 19;;
880;Scherzo;Tchaikovsky; Piotr Ilyich;Fa M;002 / 2;4' 09
881;Danza hungara n. 20;Brahms; Johannes;2' 48;;
882;El amor de las tres naranjas. Suite sinfonica.;Prokofiev; Sergei;33 a;16' 02;
883;Fantasia sobre un tema de ‘La Traviata';Tarrega; Francisco;7' 19;;
884;Cantata n. 147;Bach; Johann Sebastian;BWV 0147;33' 38;
885;Sonata para clavicembalo;Scarlatti; Domenico;K 525;2' 56;
886;Momento Musical;Rachmaninov; Sergei;Si m;16-mar;8' 53
887;Sinfonia Espagnola;Lalo; Edouard;21;33'34;
888;Adagio para cuerdas;Barber; Samuel;11;6' 22;
889;Mallorca;Albeniz; Isaac;6' 05;;
890;Cantata: Orfeo;Pergolesi; Giovanni Battista;16' 58;;
891;Pelleas y Melisandre;Faure; Gabriel;80;17' 38;
892;Estudio n. 6;Chopin; Frederic;Mi b m;10-jun;3' 39
893;Melancolia;Castelnuovo-Tedesco; Mario;3' 21;;
894;Sinfonia n. 41 “Jupiter”;Mozart; Wolfgang Amadeus;Do M;K 551;36' 53
895;Noches en los jardines de Espagna;Falla; Manuel de;24' 22;;
896;La gran Pascua Rusa;Rimsky-Korsakov; Nicolai;36;15' 45;
897;Musica para los Reales Fuegos Artificiales;Haendel; Georges Friederic;18' 14;;
898;Sexteto para cuerda “Souvenir de florencia”;Tchaikovsky; Piotr Ilyich;Re m;70;33' 35
899;Apollon Musagete;Stravinsky; Igor;34' 03;;
900;Melodias;Berlioz; Hector;27' 54;;
901;Mathis;Hindemith; Paul;26' 54;;
902;Suegno de amor n. 3;Liszt; Franz;La # M;5' 17;
903;Sinfonia;Tartini; Giuseppe;La M;12' 05;
904;Leyendas;Dvorak; Antonin;59;43' 03;
905;La Tempestad del mar. Concierto para flauta y or n. 1;Vivaldi; Antonio;Fa M;RV 433;6' 51
906;Romeo y Julieta. Suite n. 2;Prokofiev; Sergei;64 b;26' 23;
907;Obertura “Coriolan”;Beethoven; Ludwig Van;62;8' 29;
908;Capricho espagnol;Rimsky-Korsakov; Nicolai;34;16' 32;
909;Si yo fuera Rey - Obertura;Adam; Adolphe;7' 51;;
910;El Mesias;Haendel; Georges Friederic;22' 19;;
911;Romanzas sin palabaras;Mendelssohn-Bartholdy; Felix;19;14' 32;
912;Guia de orquesta para jovenes. Variaciones y fuga sobre ;Britten; Benjamin;34;18' 25;
913;Sinfonia n. 1;Bizet; Georges;Do M;88;28' 43
914;Obertura “Egmont”;Beethoven; Ludwig Van;84;8' 22;
915;Valses Poeticos (arr. Peter Breiner);Granados; Enrique;15' 40;;
916;Marcha solemne de Mlada;Mussorgsky; Modest;5' 18;;
917;Humoresca;Dvorak; Antonin;Sol # M;101 / 7;3' 20
918;Marcha de los nobles (Mlada);Rimsky-Korsakov; Nicolai;4' 44;;
919;Concierto para flauta de pico, flauta traversera, cuerdas ;Telemann; Georg Philipp;Mi m;13' 22;
920;Vals n. 4;Chopin; Frederic;Fa M;34 / 3;2' 02
921;Polka italiana;Rachmaninov; Sergei;1' 42;;
922;El holandes errante.;Wagner; Richard;71' 16;;
923;Noches en los jardines de Espagna;Falla; Manuel de;13' 42;;
924;Carmen;Bizet; Georges;68' 36;;
925;Bailecito del rebozo;Ponce; Manuel;4' 21;;
926;Escenas de nignos;Schumann; Robert;15;17' 58;
927;Sinfonia n. 3, “Escocesa”;Mendelssohn-Bartholdy; Felix;La m;56;36' 06
928;Canciones gitanas;Dvorak; Antonin;55;12' 32;
929;Romanzas sin palabaras;Mendelssohn-Bartholdy; Felix;67;11' 17;
930;Fantasia del magnana;John;Mi M;5;8' 2;
931;Nocturno n. 19;Chopin; Frederic;Mi m;72 / 1;4' 23
932;West Side Story;Bernstein; Leonard;28' 21;;
933;Concierto para violin y orquesta;Dvorak; Antonin;53;32' 44;
934;Valses nobles y sentimentales;Ravel; Maurice;18' 25;;
935;Un Requiem aleman, para solo, coro y orquesta;Brahms; Johannes;45;73' 37;
936;Serenata para violin solo, cuerdas, arpa y percusion;Bernstein; Leonard;30' 50;;
937;Balada;Piazzola; Astor;3' 14;;
938;Los Planetas;Holst; Gustav;32;46' 11;
939;Islamej (orq. Liapunov);Balakirev; Mili;8' 51;;
940;Sonata para clavicembalo;Scarlatti; Domenico;Fa # M;K 318;1' 54
941;Concierto para piano;Grieg; Edvard Hagerup;La m;16;31' 21
942;Estudio - Cuadro;Rachmaninov; Sergei;Fa # m;39 / 3;2' 12
943;Libertango;Piazzolla; Astor;5' 39;;
944;El Mandarin maravilloso;Bartok; Bela;SZ 073;19' 39;
945;Juegos de nignos;Bizet; Georges;11' 28;;
946;Concierto para piano y orquesta n. 2;Beethoven; Ludwig Van;Si b M;19;27' 19
947;Concierto para piano y orquesta n. 1 en Si b menor;Tchaikovsky; Piotr Ilyich;23;35' 22;
948;Esperanza y Primavera;Schubert; Franz;D 686;3' 57;
949;Concierto para violin, cuerda y bajo continuo;Bach; Johann Sebastian;Re m;BWV 1043;16' 19
950;Misa Tango;Bacalov; Luis;31' 54;;
951;Sonata para clavicembalo;Scarlatti; Domenico;Mi M;K 380;2' 55
952;Carmen. Preludio del acto I.;Bizet; Georges;2' 35;;
953;Milonga;Cardoso; Jorge;4' 33;;
954;Hoja de album;Mendelssohn-Bartholdy; Felix;117;4' 49;
955;Largo;Veracini; Francesco Maria;3' 37;;
956;24 Preludios;Chopin; Frederic;28;36' 18;
957;Vals n. 11;Chopin; Frederic;Sol b M;70 / 1;2' 19
958;Vals n. 6;Chopin; Frederic;Re b M;64 / 1;1' 48
959;Obertura “Carnaval”;Dvorak; Antonin;92;10' 05;
960;2 Nocturnos;Chopin; Frederic;55;8' 56;
961;Suite (Arreglo de la Suite inglesa n. 3);Bach; Johann Sebastian;Sol m;BWV 0808;14' 25
962;Sonata para clavicembalo;Scarlatti; Domenico;K 357;2' 39;
963;Iberia. Cuaderno n. 2.;Albeniz; Isaac;20' 40;;
964;Romance para violin y orquesta n. 1;Beethoven; Ludwig Van;Sol M;40;6' 21
965;Vals triste;Sibelius; Jean;44;4' 58;
966;Sinfonia n. 39;Mozart; Wolfgang Amadeus;Mi b M;K 543;27' 56
967;Psalm 22;Mendelssohn-Bartholdy; Felix; ;78 / 3;7' 26
968;Nocturno n. 15;Chopin; Frederic;Fa m;55 / 1;4' 27
969;Requiem para solistas, coro y orquesta;Mozart; Wolfgang Amadeus;K 626;52' 53;
970;Lugarteniente Kitzhe;Prokofiev; Serge;60;19' 35;
971;Mi madre la oca;Ravel; Maurice;12' 48;;
972;Si lo hubiese sabido;Tchaikovsky; Piotr Ilyich;047 / 1;3' 51;
973;Sonata para piano y violin n. 9 “Kreutzer”;Beethoven; Ludwig Van;La M;47;40' 42
974;Requiem;Faure; Gabriel;48;35' 23;
975;Marcha Radetzky;Strauss; Johann (Padre);228;2' 50;
976;La tormenta;Tchaikovsky; Piotr Ilyich;76;12' 47;
977;La tentacion de S. Antonio;Egk; Werner;22' 44;;
978;Romance;Tchaikovsky; Piotr Ilyich;Fa m;5;5' 46
979;Prelude from cavatina;Tansman; Alexandre;3' 01;;
980;Capricho Italiano;Tchaikovsky; Piotr Ilyich;22' 26;;
981;Rapsodia hungara n. 3;Liszt; Franz;Re M;8' 45;
982;La Vega;Albeniz; Isaac;17' 30;;
983;Juegos (Jeux);Debussy; Claude;19' 24;;
984;Adagio para organo y cuerdas.;Albinoni; Tomaso;Sol m;10' 03;
985;Rapsodia hungara n. 4;Liszt; Franz;Re M;13' 36;
986;Oratorio de Navidad;Bach; Johann Sebastian;BWV 0248;61' 41;
987;Preludio;Rachmaninov; Sergei;Sol # m;32 / 12;2' 06
988;Gran sonata;Sor; Ferdinando;22;24' 59;
989;Sonata n. 2;Paganini; Nicolo;Re M;7' 16;
990;Noches en los jardines de Espagna;Falla; Manuel de;23' 51;;
991;Motete “Ave Maria”;De Victoria; Tomas Luis;34' 06;;
992;Las cuatro estaciones. La primavera. 1º movimiento.;Vivaldi; Antonio;RV 269;3' 22;
993;Concierto para trompeta y orquesta;Mozart; Leopold;Re M;13' 40;
994;Intermezzo (Fennimore and Gerda);Delius; Frederick;5' 11;;
995;La condenacion de Fausto;Berlioz; Hector;121' 55;;
996;24 caprichos para violin solo;Paganini; Nicolo;1;74' 36;
997;La oracion del torero;Turina; Joaquin;8' 00;;
998;Carmen Concerto ( Peter Breiner);Bizet; Georges;49' 52;;
999;Serenata para tenor, trompa y cuerdas;Britten; Benjamin;31;24' 18;
1000;El amor brujo: Danza ritual del fuego.;Falla; Manuel de;4' 04;;
1001;Concerto grosso fatto per la notte di Natale;Corelli; Arcangelo;Sol m;06-ago;15' 57
1002;Cuarteto de cuerda n. 12 « Americano »;Dvorak; Antonin;Fa M;96;23' 45
1003;Romance para violin y orquesta n. 1;Beethoven; Ludwig Van;Sol M;40;7' 12
1004;Santuario del corazon;Ketelbey; Albert;5' 08;;
1005;Sinfonia n. 4;Brahms; Johannes;Mi m;98;40' 31
1006;Viajes de invierno;Schubert; Franz;D 911;73' 06;
1007;Rhapsody in Blue;Gershwin; George;16' 29;;
1008;Oncierto para Arpa, flauta, oboe, clarinete, violin y cello;Falla; Manuel de;12' 57;;
1009;Sinfonia n. 4;Tchaikovsky; Piotr Ilyich;Fa m;36;42' 36
1010;Concierto para piano y orquesta;Gershwin; George;Fa M;30' 16;
1011;Suite (obertura) n. 2;Bach; Johann Sebastian;Si m;BWV 1067;18' 55
1012;Quinteto con piano “La trucha”;Schubert; Franz;D 667; 34' 36;
1013;Danza hungara n. 3;Brahms; Johannes;2' 13;;
1014;Requiem;Berlioz; Hector;5;77' 41;
1015;Granada;Albeniz; Isaac;4' 57;;
1016;Sonata para piano n. 17 “La tempestad”;Beethoven; Ludwig Van;Re m;031 / 2;20' 34
1017;Concierto para violin, cuerda y bajo continuo;Bach; Johann Sebastian;Mi M;BWV 1042;19' 05
1018;Canciones amorosas;Brahms; Johannes;52;12' 41;
1019;Sinfonia n. 3. Obertura Cleofide;Hasse; Johann Adolf;Re M;3;7' 47
1020;Gebet nach den worten Martin Luthers;Mendelssohn-Bartholdy; Felix; ;5' 10;
1021;Concierto grosso n. 7;Corelli; Arcangelo;Re M;06-jul;10' 28
1022;Divertimento n. 2;Mozart; Wolfgang Amadeus;15' 56;;
1023;La mariposa;Offenbach; Jacques;54' 55;;
1024;Seis conciertos. 1. “La Tempesta di Mare”.;Vivaldi; Antonio;RV 433 (10);6' 40;
1025;Divertimento;Mozart; Wolfgang Amadeus;Re M;K 136;15' 46
1026;Sinfonia n. 5;Albinoni; Tomaso;Re M;10' 50;
1027;Sonata para piano n. 14 “Claro de luna”;Beethoven; Ludwig Van;Do # m;027 / 2;15' 09
1028;Preludio y fuga;Bach; Johann Sebastian;La m;BWV 0543;9' 12
1029;Divertimento;Mozart; Wolfgang Amadeus;Si b M;K 270;11' 28
1030;Las cuatro estaciones. La primavera;Vivaldi; Antonio;RV 269;9' 04;
1031;Concierto para flauta, cuerdas y bajo continuo. n. 3;Federico II; Rey de Prusia;Do M; ;5' 12
1032;Estudio - Cuadro;Rachmaninov; Sergei;Mi b m;39 / 5;5' 02
1033;Capricho;Strauss; Richard;85;20' 43;
1034;Cantata “Qual dubbio ormai”;Haydn; Franz Joseph;HV 24 / 04;15' 09;
1035;Sonata para clavicembalo;Scarlatti; Domenico;Do M;K 356;3' 52
1036;Sinfonia concertante para violin, viola y orquesta;Mozart; Wolfgang Amadeus;K 364;30' 55;
1037;Capricho;Strauss; Richard;85;13' 02;
1038;Capricho Italiano;Tchaikovsky; Piotr Ilyich;45;16' 02;
1039;Divertimento;Mozart; Wolfgang Amadeus;Fa M;K 138;12' 50
1040;Mazurca - Choro;Villa-Lobos; Heitor;2' 52;;
1041;Introduccion y Allegro;Elgar; Edward;47;13' 59;
1042;Responsorios de Tinieblas;De Victoria; Tomas Luis;34' 06;;
1043;Rondo a capriccio, “Rabia por una moneda perdida”;Beethoven; Ludwig Van;Sol M;129;5' 32
1044;El Mesias. Aleluya.;Haendel; Georges Friederic;3' 55;;
1045;Obertura “Ruinas de Atenas”;Beethoven; Ludwig Van;113;5' 13;
1046;Variaciones sobre un tema de J. Haydn;Brahms; Johannes;Do m;056 a;17' 37
1047;Sonata para piano n. 23. “Apasionada”;Beethoven; Ludwig Van;Fa m;57;24' 44
1048;Sinfonia n. 5, 1º movimiento.;Beethoven; Ludwig Van;Do m;67;7' 14
1049;Gaspar de la noche;Ravel; Maurice;21' 28;;
1050;Liturgia de San Juan Crisostomo.;Tchaikovsky; Piotr Ilyich;41;78' 03;
1051;El murcielago;Strauss; Johann (Hijo);76' 24;;
1052;Concierto para violin, cuerda y bajo continuo;Bach; Johann Sebastian;La m;BWV 1041;14' 57
1053;Las lagrimas;Tchaikovsky; Piotr Ilyich;065 / 5;2' 48;
1054;Fantasias;Brahms; Johannes;116;22' 49;
1055;Romance para violin y orquesta n. 2;Beethoven; Ludwig Van;Fa M;50;8' 19
1056;Las noches de verano;Berlioz; Hector;32' 10;;
1057;Los Pinos de Roma;Respighi; Ottorino;21' 58;;
1058;El barbero de sevilla. Obertura;Rossini; Gioacchino Antonio;7' 42;;
1059;Ritmos y cantos aztecas;Ponce; Manuel;3' 44;;
1060;Preludio, Coral y Fuga;Franck; Cesar ;18' 41;;
1061;Sigfrido;Wagner; Richard;46' 30;;
1062;Oratorio de Navidad;Bach; Johann Sebastian;BWV 0248;18' 19;
1063;Bourree;Bach; Johann Sebastian;3' 24;;
1064;Misa de la Coronacion.;Mozart; Wolfgang Amadeus;Do M;K 317;26' 10
1065;Septeto;Beethoven; Ludwig Van;Mi b M;20;39' 23
1066;Obertura de Aroldo.;Verdi; Giuseppe;9' 35;;
1067;Tu y tu;Strauss; Johann (Hijo);367;3' 04;
1068;Sinfonia n. 33;Mozart; Wolfgang Amadeus;Si b M;K 319;24' 04
1069;Noche y suegnos;Schubert; Franz;D 827;4' 57;
1070;Sinfonia n. 9;Bruckner; Anton;Re m;65' 19;
1071;Sonata no. 1 para violin y piano;Bloch; Ernest;30' 58;;
1072;Otello;Verdi; Giuseppe;66' 56;;
1073;Polonesa n. 6 “Heroica”;Chopin; Frederic;La b M;53;7' 02
1074;Motete n. 227;Bach; Johann Sebastian;BWV 0227;24' 25;
1075;Fantasia sobre un tema de Thomas Tallis;Vaughan Williams; Ralph;16' 13;;
1076;Quinteto para guitarra n. 9;Boccherini; Luigi;Do M;G 453;24' 47
1077;Fantasia y fuga;Bach; Johann Sebastian;Do m;BWV 0537;9' 27
1078;Concierto Warsaw;Addinsell; Richard;8' 29;;
1079;Sonata para clavicembalo;Scarlatti; Domenico;K 527;3' 56;
1080;Bolero;Ravel; Maurice;17' 21;;
1081;El reloj y las figuras de Dresden;Ketelbey; Albert;3' 59;;
1082;Rosa Salvaje;Schubert; Franz;D 257;1' 58;
1083;Suite de Danzas;Bartok; Bela;Sz 077;15' 18;
1084;Pedro y el lobo (castellano);Prokofiev; Serge;67;26' 40;
1085;Sonata n. 1 para viola y piano;Brahms; Johannes;Fa m;120 / 1;23' 06
1086;Minueto;Mozart; Wolfgang Amadeus;Re M;4' 13;
1087;Concierto para trompeta, 2 oboes y orquesta;Fash; Johann Friedrich;Re M;6' 40;
1088;Concierto para flauta y cuerda;Bach; Carl Philipp;Sol M;25' 29;
1089;Adagio para organo y cuerdas.;Albinoni; Tomaso;Sol m;4' 14;
1090;Cuba;Albeniz; Isaac;4' 52;;
1091;Sonata para dos pianos;Mozart; Wolfgang Amadeus;Si b M;K 358;17' 38
1092;Psalme 10, 1-2.;Mendelssohn-Bartholdy; Felix; ;79;7' 25
1093;El canto del ruisegnor;Stravinsky; Igor;22' 35;;
1094;Sonata para piano n. 32;Beethoven; Ludwig Van;Do m;111;38' 06
1095;Cuadros de una exposicion;Mussorgsky; Modest;34' 36;;
1096;Sonata Eroica;Giuliani; Mauro;150;8' 26;
1097;Variaciones sobre un tema de Haydn para dos pianos;Brahms; Johannes;056 b;16' 11;
1098;Catulli Carmina;Off; Carl;36' 53;;
1099;Finlandia;Sibelius; Jean;26;9' 13;
1100;Quinteto n. 7  dos violines, alto, violonchelo, guitarra;Boccherini; Luigi;Mi m;5' 17;
1101;Sinfonia n. 1;Brahms; Johannes;Do m;68;44' 27
1102;La primavera;Castelnuovo-Tedesco; Mario;1' 58;;
1103;Sinfonia n. 85 “La Reina”;Haydn; Franz Joseph;Mi b M;22' 38;
1104;Rapsodia para contralto;Brahms; Johannes;53;14' 28;
1105;Concierto para flauta y orquesta;Stamitz; Karl;Re M;15' 26;
1106;Suite de “La Arlesiana” n. 2;Bizet; Georges;19' 14;;
1107;Visperas de la Virgen Maria;Monteverdi; Claudio;24' 43;;
1108;Ave Maria;Schubert; Franz;D 839;6' 56;
1109;Concierto para violin y orquesta n. 1;Mozart; Wolfgang Amadeus;Si b M;K 207;20' 35
1110;Sinfonia n. 48, “Maria Teresa”;Haydn; Franz Joseph;Do M;HV 01 / 48;22' 51
1111;Concierto grosso n. 8;Corelli; Arcangelo;Sol m;06-ago;16' 28
1112;Obertura “La gran Pascua rusa”;Rimsky-Korsakov; Nicolai;36;14' 20;
1113;Concierto para flauta y cuerda;Bach; Johann Christian;Re M;18' 12;
1114;Concierto para violin y orquesta n. 4;Mozart; Wolfgang Amadeus;Re M;K 218;24' 19
1115;Polonesa;Chopin; Frederic;Fa # M;44;10' 47
1116;Sinfonia concertante para oboe, clarinete y orquesta;Mozart; Wolfgang Amadeus;Mi b M;K 297 b;32' 30
1117;Tosca;Puccini; Giacomo;69' 51;;
1118;La trucha;Schubert; Franz;D 550;2' 09;
1119;Seis conciertos. 6.;Vivaldi; Antonio;RV 437 (10);8' 24;
1120;Nanie;Brahms; Johannes;82;14' 12;
1121;Tango;Salzedo; Carlos;3' 39;;
1122;Concierto para violin;Mendelssohn-Bartholdy; Felix;Mi m;64;28' 43
1123;Siciliano (Arreglo De la Sonata para violin n. 4);Bach; Johann Sebastian;Do m;BWV 1017;2'
1124;Sinfonietta;Halffter; Ernesto;Re M;38' 00;
1125;Sonata para piano;Schubert; Franz;Si b M;D 960;43' 21
1126;Asi hablo Zarathustra;Strauss; Richard;30;31' 22;
1127;Polonesa de “Rusalka”;Dvorak; Antonin;4' 18;;
1128;Don Juan;Strauss; Richard;20;16' 15;
1129;Junto a tu corazon - Vals;Barrios; Agustin;3' 58;;
1130;Cuarteto para cuerda;Debussy; Claude;Sol m;10;24' 15
1131;Concierto para piano n. 23;Mozart; Wolfgang Amadeus;La M;K 488;26' 14
1132;A Song before Sunrise;Delius; Frederick;6' 06;;
1133;El duende del agua.;Dvorak; Antonin;107;22' 14;
1134;Momento musical n. 2;Schubert; Franz;Fa m;D 094;1' 30
1135;Tosca;Puccini; Giacomo;119' 22;;
1136;Obertura de Nabucco.;Verdi; Giuseppe;7' 49;;
1137;Variaciones sobre un tema Rococo para violonchello;Tchaikovsky; Piotr Ilyich;33;17' 49;
1138;Fantasia y fuga;Bach; Johann Sebastian;Sol m;BWV 0542;12' 55
1139;Exultate jubilate;Mozart; Wolfgang Amadeus;K 165;16' 01;
1140;Fantasia sobre “Greensleeves”;Vaughan Williams; Ralph;4' 39;;
1141;Fancy Free;Bernstein; Leonard;27' 15;;
1142;Marcha eslava;Tchaikovsky; Piotr Ilyich;10' 47;;
1143;Nocturno n. 8;Chopin; Frederic;Re b M;27-feb;6' 28
1144;Concierto para trompeta y orquesta n. 1;Molter; Johann Melchior;Re M;11' 54;
1145;Romanza sin palabras;Mendelssohn-Bartholdy; Felix;030 / 3;1' 56;
1146;Misa “O quam gloriosum”;De Victoria; Tomas Luis;34' 06;;
1147;Obertura de “El Carnaval Romano”;Berlioz; Hector;9;9' 17;
1148;Obertura de “El Murcielago”;Strauss; Johann (Hijo);8' 15;;
1149;Cuarteto de cuerdas n. 10 “Arpa”;Beethoven; Ludwig Van;Mi b M;74;30' 33
1150;Sevilla de la Suite Espagnola;Albeniz; Isaac;4' 54;;
1151;Quinteto para guitarra n. 7;Boccherini; Luigi;Mi m;G 451;19' 15
1152;Piezas liricas – Libro 4;Grieg; Edvard Hagerup;47;12' 57;
1153;Danza hungara n. 17;Brahms; Johannes;3' 09;;
1154;Cuarteto de cuerda;Grieg; Edvard Hagerup;Mi m;32' 04;
1155;Vals n. 8;Chopin; Frederic;La b M;64 / 3;3' 39
1156;Sinfonia n. 6 “Patetica”;Tchaikovsky; Piotr Ilyich;Si m;74;45' 57
1157;Sinfonia n. 4;Beethoven; Ludwig Van;Si b M;60;21' 47
1158;Missa Solemnis;Beethoven; Ludwig Van;Re M;123;76' 15
1159;Madrigales (8);Monteverdi; Claudio;42' 40;;
1160;Las cuatro estaciones. El otogno;Vivaldi; Antonio;RV 293;10' 59;
1161;Sonata  - Marcha Funebre;Chopin; Frederic;Si b;35;8' 16
1162;Concierto para guitarra y orquesta de cuerdas;Vivaldi; Antonio;Re M;RV 093;9' 53
1163;Elegia;Elgar; Edward;58;4' 22;
1164;Norma;Bellini; Vincenzo;64' 39;;
1165;Concierto para piano y orquesta n. 1;Prokofiev; Serge;Re M;19;22' 05
1166;Toccata;Bogdanovic; Dusan;2' 10;;
1167;Quinteto per archi n. 3;Boccherini; Luigi;Fa M;20-mar;17' 43
1168;Cuarteto de cuerda n. 1 “De mi vida”;Smetana; Bedrich;Mi m;27' 09;
1169;Sleighride;Delius; Frederick;5' 28;;
1170;El suegno de Geroncio;Elgar; Edward;38;93' 52;
1171;La bella durmiente del bosque;Tchaikovsky; Piotr Ilyich;66;155' 35;
1172;Intermedio n. 2. “Tierna”;Brahms; Johannes;Si b M;117 / 2;4' 52
1173;Concierto n. 5 para clavicordio, cuerdas y continuo;Bach; Johann Sebastian;Fa m;BWV 1056;10' 36
1174;Rapsodia para contralto;Brahms; Johannes;53;11' 27;
1175;Suite Karelia;Sibelius; Jean;11;15' 48;
1176;En el jardin del Templo Chino;Ketelbey; Albert;6' 52;;
1177;Metamorfosis;Strauss; Richard;28' 14;;
1178;Reverie du soir;Tchaikovsky; Piotr Ilyich;Sol m;019 / 1;4' 14
1179;El aprendiz de brujo;Dukas; Paul;10' 24;;
1180;El testamento de Amelia;Llobet; Miguel;1' 54;;
1181;Intermedio n. 1. “Nebulosa”;Brahms; Johannes;Mi b M;117 / 1;4' 51
1182;Fue en el comienzo de la primavera;Tchaikovsky; Piotr Ilyich;038 / 2;2' 25;
1183;Cavalleria rusticana: Intermedio.;Mascagni; Pietro;3' 27;;
1184;Granada;Albeniz; Isaac;4' 42;;
1185;Sinfonia n. 8;Dvorak; Antonin;Sol M;88;39' 26
1186;Concierto para cuatro violines sin continuo;Telemann; Georg Philipp;Do M;7' 51;
1187;Rapsodia sobre un tema de Paganini. Variacion 18.;Rachmaninov; Sergei;43 / 18;3' 18;
1188;Canciones de la tierra;Mahler; Gustav;58' 34;;
1189;Sinfonia Clasica;Prokofiev; Serge;25;14' 10;
1190;Mi genio, mi angel, mi amor;Tchaikovsky; Piotr Ilyich;1' 23;;
1191;Viola;Schubert; Franz;D 786;15' 10;
1192;Ave verum corpus;Mozart; Wolfgang Amadeus;K 618;1' 58;
1193;La consagracion de la primavera;Stravinsky; Igor;35' 16;;
1194;Bachianas Brasileiras n. 5;Villa-Lobos; Heitor;10' 48;;
1195;Danza hungara n. 16;Brahms; Johannes;2' 57;;
1196;Preludios – Primer Libro;Debussy; Claude;25' 48;;
1197;Cuarteto de cuerdas n. 9 “Rasumovsky”;Beethoven; Ludwig Van;Do M;059 / 3;29' 16
1198;Danza macabra;Saint-Saens; Camille;40;7' 04;
1199;Preludio (Arreglo del Clave bien temperado I,24);Bach; Johann Sebastian;Si m;3' 45;
1200;Das neugeborene Kindlein;Bach; Johann Sebastian;BWV 0122;3' 01;
1201;Concierto grosso n. 11;Corelli; Arcangelo;Si b M;06-nov;10' 06
1202;Danza hungara n. 11;Brahms; Johannes;4' 05;;
1203;La consagracion de la primavera;Stravinsky; Igor;33' 11;;
1204;Danza hungara n. 7;Brahms; Johannes;1' 48;;
1205;Recuerdos de la Alhambra;Tarrega; Francisco;4' 24;;
1206;Dumka - Escena rustica rusa;Tchaikovsky; Piotr Ilyich;Do m;59;8' 07
1207;Primavera;Tchaikovsky; Piotr Ilyich;054 / 9;2' 01;
1208;Dos danzas del “Amor Brujo”;Falla; Manuel de;5' 39;;
1209;El ruisegnor;Tchaikovsky; Piotr Ilyich;060 / 4;3' 17;
1210;Cantata n. 140: Dormidos, despertad, la voz llama.;Bach; Johann Sebastian;BWV 0140;33' 58;
1211;Divertimento;Mozart; Wolfgang Amadeus;Si b M;K 137;11' 01
1212;En Primavera;Schubert; Franz;D 882;5' 14;
1213;Vals Las hojas del amanecer;Strauss; Johann (Hijo);279;11' 15;
1214;Motete “O magnum mysterium”;De Victoria; Tomas Luis;34' 06;;
1215;Tocata y fuga;Bach; Johann Sebastian;Re m;BWV 0565;9' 15
1216;Cuadros Marinos para contraalto y orquesta;Elgar; Edward;37;23' 48;
1217;Musica de Mesa (3 cuadernos).;Telemann; Georg Philipp;251' 07;;
1218;Sinfonia n. 103, “Con redoble”;Haydn; Franz Joseph;Mi b M;30' 13;
1219;La novicia;Schubert; Franz;D 828;4' 31;
1220;Suite Francesa n. 1;Bach; Johann Sebastian;Re m;BWV 0812;12' 24
1221;Concierto n. 12;Locatelli; Pietro Antonio;Fa M;4;3' 28
1222;Aria y variaciones “La frescobalda”;Frescobaldi; Girolamo;6' 39;;
1223;El suegno de una noche de verano;Mendelssohn-Bartholdy; Felix;61;31' 15;
1224;Sinfonia n. 3;Schumann; Robert;Mi b M;97;29' 36
1225;Scherzo;Mussorgsky; Modest;Si b M;3' 35;
1226;¿ Por que sogne contigo ?;Tchaikovsky; Piotr Ilyich;028 / 3;2' 13;
1227;Sonata para piano n. 8 “Patetica”;Beethoven; Ludwig Van;Do m;13;18' 08
1228;Acentuado;Piazzola; Astor;3' 02;;
1229;Danza Eslovaca;Bartok; Bela;2' 13;;
1230;Humoresca;Tchaikovsky; Piotr Ilyich;Mi m;010 / 2;2' 34
1231;Cuarteto para cuerda n. 3;Tchaikovsky; Piotr Ilyich;Mi b m;30;38' 07
1232;Romance;Tchaikovsky; Piotr Ilyich;Fa M;051 / 5;7' 03
1233;Concierto para flauta de pico, violines y continuo;Telemann; Georg Philipp;Sol m;13' 31;
1234;Al estilo popular;Dvorak; Antonin;73;8' 45;
1235;Preludio;Rachmaninov; Sergei;Si b M;23-feb;2' 51
1236;Gran Vals;Tarrega; Francisco;3' 08;;
1237;Concierto para 2 clavicordios, cuerdas y continuo;Bach; Johann Sebastian;Do m;BWV 1062;14' 06
1238;Concierto para violin;Meyer; Edgar;26' 28;;
1239;Sonata para piano y violin n. 9 “Kreutzer”;Beethoven; Ludwig Van;La M;47;38' 11
1240;Motete “Ascendens Christus in altem”;De Victoria; Tomas Luis;34' 06;;
1241;Nocturno n. 12;Chopin; Frederic;Sol M;37 / 2;5' 50
1242;Polaca de concierto;Tchaikovsky; Piotr Ilyich;Mi # M;072 / 07;5' 33
1243;Gran sonata;Sor; Ferdinando;25;25' 21;
1244;Habanera;Halffter; Ernesto;4' 25;;
1245;Fantasias;Brahms; Johannes;116;24' 37;
1246;Lakme;Delibes; Leo;68' 06;;
1247;Variaciones sobre un tema Rococo para violonchello;Tchaikovsky; Piotr Ilyich;33;16' 42;
1248;¿ Es este el dia ?;Tchaikovsky; Piotr Ilyich;047 / 6;3' 14;
1249;Humoresca n. 7;Dvorak; Antonin;107;3' 25;
1250;Sinfonia n. 2;Rachmaninov; Sergei;Mi m;61' 21;
1251;Sevilla;Albeniz; Isaac;4' 54;;
1252;Nocturno n. 5;Chopin; Frederic;Fa # M;15-feb;3' 54
1253;DonGiovanni. 2 Aria.;Mozart; Wolfgang Amadeus; ; ;6' 55
1254;Rigoletto;Verdi; Giuseppe;124' 29;;
1255;Cantata Dir Seele de Weltalls. Coro.;Mozart; Wolfgang Amadeus; ;K 429;3' 35
1256;Gayane. Suite n. 2;Khachaturian; Aram;18' 08;;
1257;Vals El bello danubio azul;Strauss; Johann (Hijo);314;10' 38;
1258;Las bodas de Figaro;Mozart; Wolfgang Amadeus;K 492;60' 23;
1259;Pompa y Circunstancia ( 5 marchas militares);Elgar; Edward;39;26' 49;
1260;Zambra Granadina;Albeniz; Isaac;3' 47;;
1261;Palabras sencillas;Tchaikovsky; Piotr Ilyich;060 / 5;2' 45;
1262;Divertimentos;Sor; Ferdinando;23;13' 50;
1263;Sinfonia n. 4;Mahler; Gustav;54' 43;;
1264;Cuarteto para cuerdas “Emperador”;Haydn; Franz Joseph;Do M;76 / 3;23' 42
1265;Cuarteto para cuerdas n. 12 “Quartettsatz”;Schubert; Franz;D 703;10' 21;
1266;Concierto para piano y orquesta n. 3;Tchaikovsky; Piotr Ilyich;Mi b M;75;15' 57
1267;Concierto para Cello y orquesta n. 1;Haydn; Franz Joseph;Do M;23' 21;
1268;Zwolf Geditchte (Erstes Grun);Schumann; Robert;035 / 4;2' 10;
1269;7 canciones populares espagnolas.;Falla; Manuel de;12' 00;;
1270;Cuarteto para cuerdas “La caza”;Mozart; Wolfgang Amadeus;Si b M;K 458;25' 48
1271;Alfonsina y el mar;Ramirez; Ariel;4' 37;;
1272;Concierto para 2 violines y orquesta de cuerda;Torelli; Giuseppe;Do M;08-ene;10' 16
1273;Concierto para dos violines en scordatura y continuo;Telemann; Georg Philipp;La M;9' 05;
1274;Harold en Italia;Berlioz; Hector;16;43' 09;
1275;Valses (version para dos pianos);Brahms; Johannes;39;7' 22;
1276;Madrigal – Gavota;Barrios; Agustin;3' 38;;
1277;Concierto para clavicordio y orquesta;Bach; Johann Sebastian;Sol m;BWV 1056;10' 20
1278;Sonata para clavicembalo;Scarlatti; Domenico;Sol m;K 347;2' 15
1279;Shylock;Faure; Gabriel;57;19' 51;
1280;Parada para orquesta;Satie; Erik;14' 51;;
1281;Concierto de Brandenburgo n. 4;Bach; Johann Sebastian;Sol M;BWV 1049;16' 51
1282;Adelita;Tarrega; Francisco;1' 38;;
1283;Minuetto;Tarrega; Francisco;2' 15;;
1284;Rondo para violin y orquesta;Mozart; Wolfgang Amadeus;Si b M;K 269;7' 31
1285;Nocturno n. 14;Chopin; Frederic;Fa # m;48 / 2;7' 13
1286;Light as a Feather;Strauss; Johann (Hijo);319;2' 44;
1287;Concierto para violin y orquesta;Beethoven; Ludwig Van;Re M;61;46' 00
1288;Tzigane. Rapsodia de concierto;Ravel; Maurice;9' 33;;
1289;Divertimento n. 15;Mozart; Wolfgang Amadeus;Si b M;K 287;48' 30
1290;Sonata para clavicembalo;Scarlatti; Domenico;K 381;3' 20;
1291;Suite Francesa n. 2;Bach; Johann Sebastian;Do m;BWV 0813;11' 41
1292;Piezas liricas – Libro 5;Grieg; Edvard Hagerup;54;15' 15;
1293;Preludio para la siesta de un Fauno;Debussy; Claude;10' 36;;
1294;Sonata para violin solo;Bach; Johann Sebastian;Sol m;BWV 1001;16' 40
1295;Fantasia de “Greensleeves” para orquesta de cuerda, arp;Vaughan Williams; Ralph;4' 44;;
1296;Vals n. 2;Chopin; Frederic;La b M;34 / 1;4' 50
1297;Romanzas y Baladas (Tragodie I);Schumann; Robert;049 / 3;1' 28;
1298;Sinfonia n. 45, “Adios”;Haydn; Franz Joseph;Fa # m;26' 15;
1299;Obertura de Macbeth.;Verdi; Giuseppe;3' 26;;
1300;Principe Igor;Borodin; Alexander;35' 33;;
1301;“Iberia”, Imagen para orquesta n. 2;Debussy; Claude;20' 07;;
1302;Quinteto para clarinete, 2 violines, viola y violonchelo;Mozart; Wolfgang Amadeus;La M;K 581;33' 00
1303;Preludio n. 2;Villa-Lobos; Heitor;2' 38;;
1304;Obertura “Leonora” n. 3;Beethoven; Ludwig Van;072 a;14' 22;
1305;Quinteto n. 5  dos violines, alto, dos chelos. Minueto;Boccherini; Luigi;13-may;3' 36;
1306;Obertura del Festival Academico;Brahms; Johannes;80;9' 35;
1307;Concierto para 2 clavicordios, cuerdas y continuo;Bach; Johann Sebastian;Do m;BWV 1060;13' 04
1308;Quinteto per archi n. 6. “La musica noctturna di Madrid”;Boccherini; Luigi;Fa M;30-jun;13' 04
1309;La flauta magica;Mozart; Wolfgang Amadeus;K 620;61' 01;
1310;Peer Gynt, Suite n. 2;Grieg; Edvard Hagerup;55;16' 31;
1311;Sinfonia n. 3;Brahms; Johannes;Fa M;90;35' 08
1312;Concierto para piano y orquesta n. 21 “Elvira Madigan”;Mozart; Wolfgang Amadeus;Do M;K 467;28' 03
1313;Romance para violin y orquesta n. 2;Beethoven; Ludwig Van;Fa M;50;8' 55
1314;Ocho canciones de amor;Dvorak; Antonin;83;13' 14;
1315;El clave bien temperado. Parte 1. n. 1-12.;Bach; Johann Sebastian;BWV 0846;51' 33;
1316;Tasso: Poema sinfonico n. 2;Liszt; Franz;20' 15;;
1317;Los cuentos de Hoffmann;Offenbach; Jacques;68' 57;;
1318;Musica para cuerdas, percusion y celesta;Bartok; Bela;Sz 106;34' 48;
1319;Variaciones sobre un tema Rococo para violonchello;Tchaikovsky; Piotr Ilyich;33;19' 33;
1320;La hora espagnola;Ravel; Maurice;46' 09;;
1321;Sonatina;Moreno-Torroba; Federico;11' 43;;
1322;La Boheme;Puccini; Giacomo;66' 18;;
1323;Pulcinella;Stravinsky; Igor;38' 47;;
1324;Romeo y Julieta;Berlioz; Hector;6' 19;;
1325;Recuerdo de Pils;Smetana; Bedrich;2' 33;;
1326;Concierto para piano y orquesta n. 1;Rachmaninov; Sergei;Fa # m;1;26' 47
1327;Pavana para una infanta difunta;Ravel; Maurice;5' 44;;
1328;Pleasure Train;Strauss; Johann (Hijo);281;2' 52;
1329;Suite (obertura) n. 1;Bach; Johann Sebastian;Do M;BWV 1066;22' 26
1330;Berceuse;Faure; Gabriel;16;3' 33;
1331;Poema de octubre;Tchaikovsky; Piotr Ilyich;065 / 4;2' 29;
1332;Trio para piano;Tchaikovsky; Piotr Ilyich;La m;50;48' 49
1333;Obertura “Rosamunda”;Schubert; Franz;D 644;10' 24;
1334;Cadiz;Albeniz; Isaac;4' 28;;
1335;Anochecer;Tchaikovsky; Piotr Ilyich;027 / 4;2' 50;
1336;Claro de luna;Debussy; Claude;3' 55;;
1337;Noche de S. Juan en el monte pelado;Mussorgsky; Modest;11' 42;;
1338;Nocturno n. 3;Chopin; Frederic;Si M;09-mar;7' 15
1339;Canzone, Rondo;Ponce; Manuel;6' 40;;
1340;Sinfonia n. 40;Mozart; Wolfgang Amadeus;Sol m;K 550;24' 49
1341;Cuarteto para cuerda;Ravel; Maurice; Fa M;27' 18;
1342;Cantos de Auvergne;Canteloube; Joseph;47' 32;;
1343;Humoresque;Barrios; Agustin;3' 16;;
1344;Divertimento n. 1;Mozart; Wolfgang Amadeus;13' 06;;
1345;Sonata para piano n. 16;Mozart; Wolfgang Amadeus;Do M;K 545;12' 09
1346;Danzas Eslavas;Dvorak; Antonin;72;34' 26;
1347;Vals EL Tesoro;Strauss; Johann (Hijo);418;7' 35;
1348;Obertura de I vespri sicialini.;Verdi; Giuseppe;8' 39;;
1349;Romanzas y Baladas (Die beiden Grenadiere);Schumann; Robert;049 / 1;3' 45;
1350;Sinfonia n. 1, “Suegno de invierno”;Tchaikovsky; Piotr Ilyich;13;45' 35;
1351;Concerto grosso per il Santisimo Natale;Manfredini; Francesco;Do M;03-dic;10' 53
1352;Carmina Burana;Off; Carl;56' 09;;
1353;Sinfonia n. 2;Brahms; Johannes;Re M;73;44' 59
1354;Platero;Castelnuovo-Tedesco; Mario;2' 28;;
1355;Canon & Giga;Pachelbel; Johann;Re M;6' 06;
1356;Austrian Village Swallows;Strauss; Joseph;3' 52;;
1357;Minueto n. 6;Sor; Ferdinando;11;2' 19;
1358;Sanctus “Heilig ist Gott der Herr Zebaoth”;Mendelssohn-Bartholdy; Felix; ;1' 44;
1359;El Mesias;Haendel; Georges Friederic;151' 55;;
1360;Villancicos navidegnos rumanos;Bartok; Bela;Sz 057;11' 11;
1361;Concierto para piano y orquesta n. 5 “Emperador”;Beethoven; Ludwig Van;Mi b M;73;39' 57
1362;Vals n. 3;Chopin; Frederic;La m;34 / 2;5' 09
1363;Africa - Fantasia para piano y orquesta;Saint-Saens; Camille;11' 02;;
1364;Las estaciones;Tchaikovsky; Piotr Ilyich;37;41' 14;
1365;Preludio y fuga;Bach; Johann Sebastian;Fa m;BWV 0534;8' 29
1366;Concierto para violin y orquesta;Berg; Alban;24' 41;;
1367;Capricho brillante en jota aragonesa;Glinka; Mikhail;8' 54;;
1368;Obertura “Leonore” n. 3;Beethoven; Ludwig Van;072 b;14' 30;
1369;Cisne de Tuonel (Leyendas);Sibelius; Jean;22;9' 17;
1370;Don Quijote;Strauss; Richard;35;44' 47;
1371;Sinfonia n. 1, “El Titan”;Mahler; Gustav;Re M;53' 46;
1372;Concierto grosso n. 1;Corelli; Arcangelo;Re M;06-ene;14' 44
